x,y,label
8.041676,12.592793,28
26.450916,22.147226,0
-5.131408,26.758034,3
4.4221144,-21.353687,1
1.8502593,-1.128712,14
-3.563655,0.7523788,14
14.876879,-2.4754553,24
-15.223825,-11.369137,1
10.419061,21.81912,1
34.26083,5.57946,0
-18.832052,22.883741,3
24.893799,21.830896,0
-23.933931,15.9317045,2
-10.060862,18.26938,3
-28.373032,-6.3403873,2
-22.27545,-16.29753,1
-14.741852,15.566499,3
-17.399578,-19.392988,1
-18.639065,-30.082745,1
4.1213484,-21.65303,1
-27.08592,-22.649147,1
-16.033113,-25.302052,1
15.209261,20.009336,0
10.431661,43.232185,30
-23.707767,-26.882576,1
-0.7172225,25.149899,3
-3.8240383,26.006323,3
33.845703,-5.5558915,6
-12.620116,-21.071234,1
0.7297618,23.607855,3
19.810541,-23.87046,7
-12.276827,14.011169,3
29.13183,11.778522,0
0.54197586,7.56962,14
35.45483,-5.2024627,6
-6.527165,-22.89591,1
0.59725654,2.108759,14
10.339153,7.1840777,35
-18.651499,-29.948694,1
11.4470005,-15.909835,0
-12.012991,6.9039674,15
-11.741925,-23.16167,1
16.487555,-0.19397958,24
-8.67491,27.452436,3
-18.18123,-10.954396,1
-10.496556,-28.885164,1
38.7463,17.60164,0
5.2905784,-20.662123,1
39.85173,17.337677,0
29.871946,-4.5767083,6
5.9147177,-19.244797,0
-22.435202,-11.763078,1
6.560221,24.453705,3
-18.171078,-20.91062,1
7.089813,-0.93164206,14
-10.100224,-7.571942,1
-13.076177,-27.164541,1
-17.189476,-29.078083,1
-26.640884,-8.463515,2
41.66013,1.1443467,6
-10.82938,27.782343,3
4.048346,-21.782095,1
16.484346,-1.086302,24
6.041675,-4.3361664,14
-18.357931,-19.241356,1
9.065257,6.390641,35
3.885874,-21.69057,1
-17.727234,19.445988,3
-12.869918,-17.474873,1
5.398327,8.235552,36
20.827772,4.979203,0
-11.761587,-23.851215,1
-6.132594,-18.901392,1
34.747814,5.388807,0
-0.2347946,-18.87128,33
-7.7826314,12.4578705,3
6.0247383,26.074205,3
-8.766862,22.52161,3
13.316172,-29.610569,17
77.881386,79.72328,1
9.739054,-0.5852976,14
-17.12836,-17.871675,1
-28.479889,-7.4118767,2
15.12087,26.387358,12
-7.208798,21.35801,3
12.807672,-7.8078866,14
-19.934063,-20.740793,1
-16.18922,25.867052,3
4.528063,-10.37046,35
-2.1257086,110.75252,14
21.330029,4.3344603,0
14.483624,0.5927268,24
-13.746952,22.032148,3
-1.6476258,23.455975,3
-5.4864974,25.730978,3
31.21781,0.1842221,0
-9.845959,20.569843,3
-13.547048,-15.490584,1
-5.6765246,28.104809,3
-11.903466,6.542826,15
5.3831744,8.236894,36
15.154561,-8.70579,14
6.5724945,-2.5442593,14
-10.191898,-29.14971,1
-12.791347,-19.566732,1
18.191809,-0.41488713,24
-23.75288,-10.098771,1
4.490622,24.260168,3
-14.624131,-24.372545,1
-19.983967,19.205801,3
37.533268,17.888119,0
2.1081443,22.528849,3
10.343685,-20.910858,0
13.796377,8.095132,35
3.2917097,-0.7464954,14
-5.3476925,25.264013,3
34.69425,6.762212,0
-18.371052,-17.352983,1
-27.173992,-26.248365,1
-27.336668,-22.740925,1
39.545967,18.806347,0
7.047552,-29.767416,17
-18.607315,-14.76194,1
5.7362604,13.642838,23
-22.992682,-26.868551,1
-14.865666,-29.870462,1
-4.759898,-18.47013,1
-10.4136,-17.388075,1
-17.570948,-15.20676,1
4.6221085,25.5209,3
16.688826,5.7521887,0
21.800371,24.961966,9
3.677563,23.211142,3
-16.568138,-4.410769,1
11.261307,43.165348,30
-6.1823053,-17.20633,1
2.9761176,0.26276314,14
-27.15983,-15.380486,1
-24.745361,-12.798125,1
23.835453,-11.977611,0
-17.881405,14.453828,2
-28.436705,-12.167815,1
-22.472637,-11.447559,1
0.47341657,0.20195048,14
-8.775105,-26.884233,1
-0.80628765,-4.626789,14
-24.002907,-21.110312,1
-21.298174,22.509735,2
21.325317,-6.4681783,0
18.898548,-25.420704,7
-5.1924796,8.180607,37
-11.482239,-17.575113,1
-18.542208,-8.960502,1
7.2622247,-0.10878192,14
14.604101,0.38351607,24
3.0289118,22.108238,3
20.622408,-12.917928,0
-1.1622838,25.638575,3
-8.5858965,25.346228,3
-14.248962,-7.2954445,1
-4.490945,-17.108614,1
11.011725,6.391714,18
0.91530335,-1.9968228,14
-19.84156,-10.170192,1
-10.592771,21.662737,3
-0.23478632,-18.824644,20
26.894247,-0.43589607,11
-8.841309,13.900442,3
-5.1312776,30.178965,3
3.4228435,23.114866,3
-7.6082616,22.32434,3
-21.322224,19.365288,2
30.171839,11.725912,0
15.089854,11.657934,3
12.166972,44.09236,30
10.754868,-29.924814,17
-2.5755897,-0.94209486,14
4.921084,-29.144957,17
12.700314,-7.220525,14
-6.596459,-10.544495,1
-5.7274675,13.008975,3
10.68401,42.317375,30
-0.037212472,23.674276,3
-15.153019,19.096577,3
-23.651129,16.911978,2
-6.0494037,3.5311964,14
-0.4229757,21.872593,3
26.48355,6.1055326,0
11.784827,-15.297597,0
-19.049002,-23.450724,1
-2.5142586,-0.1372695,14
5.241887,-8.019936,14
7.6693025,3.033357,17
25.3695,8.590159,0
-19.454155,-10.001792,1
-0.8233076,24.490622,3
-18.146666,-24.001654,1
20.28547,4.6824093,0
13.379596,-0.8191476,24
-18.508955,20.87765,3
6.219411,-3.3697548,14
-12.925565,-10.232552,1
17.152391,-18.958933,8
-0.1639317,20.474258,3
34.340473,-7.9215555,6
39.743618,-0.8823115,6
-25.78107,-23.812693,1
-1.2870336,-24.44182,1
18.737,-13.285445,0
14.526721,-1.6220707,24
2.9415858,-2.9949539,14
-1.4916568,18.71334,3
-3.632868,3.108002,14
-10.030272,-19.439957,1
4.9767356,19.286484,3
7.717673,-4.617915,14
-17.167965,19.223595,3
13.904551,-6.500744,14
-18.732489,-21.521055,1
23.519375,-11.754839,0
-25.62195,-21.73208,1
-10.465569,15.193035,3
24.42303,-12.199163,0
2.9517095,24.726297,3
-15.201427,-25.955643,1
4.8156505,2.326708,14
-15.953189,-16.81413,1
-6.301509,-19.714111,1
18.76801,-3.4503918,24
17.984756,-25.693747,7
2.7344043,4.121606,14
23.697819,2.0173688,0
-2.3074615,-6.0845885,14
-13.162463,-9.414257,1
-6.527512,1.8727351,14
24.463097,13.734433,0
-11.154817,23.651005,3
18.200369,-3.5542836,24
4.3043766,21.136057,3
-17.08747,-20.817211,1
5.201761,-0.21572864,14
5.4172463,17.704582,3
-5.173165,-20.444967,1
-17.812046,2.705435,14
-20.687622,-12.997337,1
6.7630186,-10.20211,35
11.169965,5.5115614,18
19.135708,-25.74771,7
-20.16456,17.771202,2
-12.20699,0.70108604,0
1.681186,0.35625717,14
-7.049521,12.354798,3
-2.4507902,-1.1931685,14
22.9099,-1.2948647,0
23.052479,19.842283,3
-14.058877,-20.428724,1
22.66134,13.692544,0
35.742706,-3.0370047,6
24.570562,5.465193,0
4.0281405,-0.3708545,14
21.518011,10.920852,0
-27.079592,-20.189941,1
30.062649,-4.602255,6
-23.70643,-19.046864,1
12.331206,43.309673,30
-8.581095,-16.427025,1
-25.99612,-9.801861,2
33.27191,5.344041,0
12.739263,42.92183,30
-28.890852,-17.289667,1
0.37051693,14.703152,1
12.98633,-9.26969,14
-4.819723,13.4732685,3
16.499924,1.8692597,24
18.398335,-1.503846,24
-12.546046,-24.340395,1
23.544174,-11.724903,34
-10.722549,-16.405518,1
-21.045044,-15.994827,1
-26.436289,-18.431377,1
-1.6468879,29.37408,3
-23.743626,-11.77901,1
25.286665,-4.12679,39
1.371692,25.274904,3
-1.6649842,20.829428,3
-14.75324,-27.979582,1
37.910137,-3.2193615,6
-14.729357,21.161467,3
-29.93952,-19.21692,1
3.120253,0.6273616,14
0.5200188,15.554976,3
-12.628656,20.597672,3
-26.902836,8.706072,5
2.2783134,25.85049,3
5.632868,-1.550409,14
15.280495,19.97487,0
-22.828094,-20.871557,1
16.756046,17.234735,0
-21.617638,-26.567095,1
-4.1144543,33.311443,3
-5.014142,20.500124,3
-17.227066,15.023224,2
-15.072618,15.5397835,3
-11.025376,-19.654993,1
-13.589585,-24.371544,1
9.649529,-0.037508003,14
-19.24466,-17.71198,1
25.162663,20.60019,0
-14.726637,24.268463,3
35.802757,-3.7564995,6
-13.49732,-31.107601,1
-17.003157,-22.49861,1
38.86351,-1.3353174,6
3.1426108,18.870502,3
38.59113,-2.4450226,6
-14.2090845,20.049276,3
55.08804,96.82461,38
10.988287,41.71701,30
-5.41468,8.2000675,37
9.593436,-30.413834,17
39.466812,18.28094,0
-29.812763,-19.020525,1
-10.82297,-31.58722,1
23.517197,-11.980828,0
-8.037169,14.691657,3
-11.102826,-15.146364,1
-14.941386,-32.12116,1
22.909737,5.5946674,0
-6.8194413,19.952665,3
37.49559,-2.7561095,6
17.462837,10.862495,3
-26.139442,-15.643163,1
13.223934,7.775324,35
24.557224,7.4886465,0
-21.951324,-27.297325,1
-13.54988,26.975441,3
16.387583,-0.19511719,24
-7.107223,-19.023724,1
20.765747,-13.107977,0
13.265071,7.786502,35
-8.273283,13.290769,3
-9.53852,-21.432718,1
-2.4992085,31.777676,3
6.769088,20.007692,3
-26.20766,-22.775682,1
-10.073043,14.964127,3
97.72238,55.017925,19
-18.801964,-25.356693,1
14.946565,-9.483534,14
4.6487546,-1.6520222,14
-11.984029,-25.948448,1
-3.7579768,23.909615,3
-8.836771,14.775581,3
0.037387557,24.176172,3
-3.8428664,17.038702,3
-4.253296,-31.46404,1
7.3378873,-3.1481965,14
32.386806,7.457143,27
11.389745,-4.31679,14
15.126629,26.380604,12
-20.699463,17.215853,2
27.736881,5.0745764,0
29.852644,12.055244,0
5.6942196,13.702315,23
-19.289152,-13.887749,1
-3.7321365,17.056229,3
-13.777795,-29.197382,1
-15.957241,-22.46644,1
-10.616749,-7.8814673,1
10.578408,28.79319,9
-14.1265955,-20.73131,1
-12.5207205,32.943142,3
7.884746,12.174433,28
4.16765,24.349546,3
-23.329062,-7.217912,1
9.327756,16.809397,36
20.806915,-15.467116,0
-5.219226,8.186366,37
-9.275874,-20.590279,1
11.823352,-15.225242,0
7.7175627,-2.3633542,14
11.755814,-8.996883,14
-11.130792,33.909046,3
-11.554356,23.943493,3
-9.586986,-7.075709,14
-3.7042034,-32.6202,1
6.5020595,-3.5948236,14
-15.451202,-26.878027,1
-7.3448024,-16.840218,1
10.162845,-3.4107275,14
13.844506,-7.6904254,14
-17.586203,16.154419,2
-17.709074,-20.341318,1
35.341717,-1.0086131,6
-22.950527,-31.319094,1
11.608017,-31.15369,17
-11.635267,-12.767282,1
-14.363181,-25.688679,1
5.448451,20.307165,3
26.014324,5.598487,0
36.05532,-2.4310627,6
7.9126024,11.60987,0
5.738802,13.565521,23
22.12712,3.0007915,1
3.941352,26.081644,3
-19.649399,15.071331,2
-10.327743,24.630102,3
21.115904,-13.231644,0
13.283611,13.444066,3
-8.597893,-19.086046,1
-19.735222,-28.857027,1
-15.215348,-29.909676,1
-17.339088,15.581634,2
-14.085376,18.225193,3
-18.989378,19.529129,3
-14.187672,-22.867035,1
-12.75233,-11.343226,1
-5.8393764,21.018814,3
2.470059,23.86845,3
24.80873,6.546331,0
-27.015005,-8.41559,2
-5.5695305,24.325377,3
10.800542,28.79553,9
34.65325,-4.0658126,6
-17.492256,-20.769428,1
-8.096493,-16.379065,1
1.2075214,30.362778,3
25.791794,9.125866,0
5.7519937,-0.39971426,14
-5.5859957,-15.842123,1
22.647875,-12.159476,0
-11.4804,-31.121983,1
-1.6097631,-10.433657,14
3.840046,20.150644,3
-3.9741988,26.654339,3
-20.130533,-15.666609,1
23.532125,19.911192,0
-6.7517934,-19.944427,1
35.71561,5.3402925,0
13.705421,-8.223125,14
20.736288,-14.100503,0
-19.133959,19.401505,3
-25.645103,-17.023735,1
-3.6175122,32.407375,3
-22.986269,-20.017916,1
21.643026,8.41896,0
28.182575,11.103425,0
16.453682,1.3817657,24
-17.841269,-27.8289,1
-5.179727,0.8415092,14
-0.124417715,31.27486,3
11.468394,-31.360756,17
-10.912767,-22.455378,1
1.0167196,30.09223,3
26.884676,16.702475,4
34.591133,-8.137435,6
-5.1737638,13.897713,3
0.258852,13.867567,13
-25.65848,-9.341689,2
19.444653,-26.191517,7
10.891889,-30.503836,17
15.348156,19.579369,0
-11.331929,-25.109877,1
-15.746607,-21.333363,1
25.23119,4.2097864,0
-19.772316,-27.252417,1
4.740926,29.8067,21
12.309162,-30.873535,17
-18.57307,-21.337332,1
-11.268124,-17.578545,1
-14.872777,-32.95108,1
-20.879974,-24.124332,1
-2.0695727,-6.5131426,14
10.613541,-29.724777,17
-12.399133,7.244203,15
39.022984,-1.9951327,6
2.4031823,27.340837,3
-16.492533,-7.775354,1
5.463315,21.084661,3
39.272865,-1.3525119,6
-11.526269,18.563322,3
38.81717,18.343891,0
1.2377706,23.205917,3
7.6297255,1.8123925,25
16.395613,-1.882462,24
-2.769167,33.113194,3
33.273056,-8.142106,6
13.884252,-8.968434,14
25.413836,7.011468,0
38.861374,16.811903,0
-7.053038,0.00015885849,14
-14.86389,7.065489,10
-13.196949,-26.504244,1
34.403988,5.4475965,0
-24.470417,-15.540037,1
9.713982,-4.9018106,14
-19.577002,-14.849976,1
-18.71163,23.785872,3
7.6670046,2.8470678,17
39.656944,-1.6636574,6
-15.004289,-24.573225,1
0.1897446,23.000774,3
16.889835,10.983258,3
3.9796183,-11.322048,35
-18.090572,-31.55631,1
10.3680525,7.1746273,35
-20.327492,18.008205,2
9.91733,-30.342999,17
16.369696,17.203768,0
1.7738847,17.988808,3
34.656994,-3.0386477,6
20.058784,-23.291004,7
28.945807,12.326938,0
-12.063185,-26.065699,1
16.875298,17.35727,0
-22.393585,-13.149679,1
-17.335459,-33.64685,1
-20.025513,-23.541248,1
14.305307,-7.823498,14
-22.433762,-30.976305,1
-2.280802,-23.721254,1
-23.613642,17.062153,2
-13.916703,-16.34306,1
29.080496,11.291741,0
-0.86951536,1.3815521,14
-7.701596,-20.07383,1
-23.137772,-32.829742,1
27.195265,5.312232,0
-9.052529,-18.149284,1
-16.004375,15.526301,2
-3.9611032,-32.161243,1
34.71387,-7.361796,6
-5.647881,1.2344953,14
-16.137882,26.137836,3
23.720938,-10.71417,0
-18.488968,-12.855851,1
6.057653,-10.932626,35
40.112854,-1.3246722,6
23.944391,20.138105,0
24.892866,21.791492,0
-11.16628,33.88493,3
39.660175,-2.4309072,6
16.669891,5.749348,0
3.200549,25.476967,3
-24.346245,2.9370692,3
-12.407458,33.038334,3
11.516325,41.893158,30
-17.112284,-24.890388,1
0.04028585,-14.5632305,1
25.37414,8.672217,0
-24.978617,-18.20771,1
-19.440586,-22.939188,1
-26.019543,-19.299885,1
6.177598,-0.19285105,14
-6.019113,-16.171919,1
-24.033968,-22.417618,1
-23.532724,-7.3374014,1
19.142984,-25.792673,7
-24.638336,-11.226832,1
-4.7910986,-31.38225,1
-16.04184,22.925106,3
-23.739723,-22.752949,1
1.3470056,27.045597,3
-23.053398,-14.844444,1
-4.626758,17.000486,26
-7.169041,-17.415071,1
-4.7645326,22.348606,3
16.531595,11.597063,3
34.25759,4.09732,0
9.123149,1.1515625,14
-25.19546,-25.59806,1
28.17546,5.367294,0
-4.903045,1.6986886,14
-1.5744476,24.65202,3
30.683907,1.3056089,0
9.307873,16.822842,36
-7.83865,26.987934,3
1.821805,1.6074007,14
-18.766884,-25.726187,1
28.398893,11.581492,0
13.035504,-11.336866,1
23.747993,2.0443683,0
-5.385184,2.6179032,14
-3.3094923,24.540997,3
16.257938,13.424034,3
21.184677,3.1507788,1
-13.605592,-19.99747,1
-1.4019754,-6.5747046,14
39.21033,17.731354,0
19.799208,-25.19479,7
-0.17209174,30.407026,3
-18.39333,-10.264813,1
25.323538,6.9903474,0
11.898929,37.054672,14
32.676548,6.7954307,0
-21.966253,-10.124206,1
-22.441095,14.632363,2
6.0820007,-29.828266,17
13.893499,-6.7043443,14
15.841779,20.241365,0
-0.11594559,25.238462,3
-8.980577,25.847633,3
5.62487,-2.8411198,14
-1.6518584,-6.6223173,14
-11.313646,-26.661396,1
-19.733168,14.914402,2
-3.7778628,-32.505272,1
13.4292345,41.12491,35
-19.975126,9.591237,14
2.5117314,22.799341,3
11.813711,43.392853,30
-17.382063,-32.01702,1
-17.099403,21.164787,3
9.709682,-4.0424094,14
-1.475926,-9.752137,14
38.400177,17.036768,0
-15.754239,21.09577,3
17.63081,16.945839,0
8.144546,-1.4960612,14
-23.336676,-32.391018,1
-8.600168,20.037336,3
-17.73327,-29.474266,1
26.637007,22.01989,0
1.878033,-2.054057,14
-5.339098,26.502493,3
-12.43961,22.306742,3
-16.458189,-2.79889,31
-24.33937,2.992521,3
0.5366401,7.57136,14
0.06278178,-14.53659,1
-4.541103,25.170063,3
-1.1571404,26.737152,3
-7.2256494,1.942866,14
3.2489882,4.8990407,16
-12.202858,-31.300716,1
35.788887,-3.224444,6
-12.849796,19.728848,3
11.86703,41.568157,30
-20.512938,-26.28594,1
16.42481,-2.3150232,24
24.549046,5.6383643,0
-19.340586,17.599321,2
5.4104424,-29.246582,17
-16.529108,21.503754,3
-20.962374,16.691229,2
-12.346292,-9.316685,1
-11.582158,21.810778,3
21.460196,9.325827,0
-13.64469,26.609344,3
5.008341,-3.3166964,14
-0.26136115,27.147703,3
6.4553156,-1.3824149,14
-25.877207,-20.608242,1
-6.182402,-17.32083,1
-12.808293,14.50588,3
-8.880671,21.868345,3
-13.421472,20.239925,3
1.9100153,21.060194,3
4.886016,-4.6287346,14
37.13133,-4.3561335,6
-13.524497,7.0101213,10
-15.602722,-8.185637,1
-16.991545,-26.859941,1
10.310328,-20.933016,0
-2.373207,-24.206144,1
-15.713784,20.325935,3
30.967096,1.5763474,0
19.9611,-13.776272,0
4.157946,-2.6963139,14
18.864365,-3.5365908,24
21.77433,15.177552,0
-13.028484,-30.814362,1
26.17364,2.2795155,6
-22.546215,-23.444609,1
6.4199996,-30.394823,17
-1.3501319,3.1538763,14
-16.312716,-19.215607,1
-1.5715239,-10.049098,14
11.523382,42.51126,30
39.43992,17.016586,0
-11.11174,-15.991848,1
10.311557,-2.2866056,14
-21.918304,-22.399212,1
2.8772013,25.554636,3
-18.502003,24.307207,3
-21.973457,15.2807045,2
-1.5135386,1.7652355,14
37.393604,-3.5987399,6
-17.057526,25.286682,3
4.590866,-9.912212,35
-4.3689933,26.302729,3
33.33858,5.3430142,0
-11.648161,20.26792,3
-24.189447,-14.309167,1
18.019102,9.254198,0
-23.940212,-18.972178,1
22.912048,-1.2945039,0
10.802601,21.77101,0
3.3661582,26.703672,3
-10.321415,23.174814,3
-7.2240314,15.408119,3
24.443378,11.920239,0
-3.0789793,24.161337,3
12.522884,12.5736,3
-4.3168144,13.477241,3
-12.197626,6.800708,15
8.832701,-1.1393924,14
-16.490292,-13.242812,1
11.229968,44.015575,30
-20.941153,-28.976494,1
37.904106,18.517296,0
16.773468,-18.84493,8
11.970999,42.632694,30
14.608494,-7.8888183,14
-10.857527,24.505602,3
-1.5690098,21.929605,3
20.48612,9.030705,0
-12.857629,-22.528223,1
-23.386528,-24.292974,1
18.386436,-4.2441263,24
26.89181,-0.43931708,11
34.61185,-7.9013996,6
-20.988102,-11.649557,1
3.2023084,-1.3771551,14
-10.639363,-25.077894,1
-21.735271,-22.18262,1
37.91432,17.460903,0
-12.189645,6.7142253,15
-9.988019,-16.652773,1
-21.518497,-14.247104,1
-24.341082,-32.00564,17
-6.2874446,12.777965,3
4.3000255,1.4181657,14
-13.95262,12.46839,3
1.8284917,20.592087,3
-3.4398007,-31.77276,1
23.60366,18.274725,0
-15.188083,-8.546451,1
27.09849,16.678917,4
-24.485521,-14.54879,1
5.1753945,-3.9857254,14
17.091398,-2.533661,24
23.961134,-9.688536,5
27.64123,10.69795,0
-12.770337,21.35613,3
-22.269596,-25.082481,1
23.775974,13.0848465,0
26.816137,21.96246,0
-16.119106,-10.356253,1
19.849243,-26.642805,7
-18.748337,23.488039,3
-22.637625,-19.88198,1
15.670366,19.596273,0
-25.724388,-12.195809,1
2.680404,26.269985,3
-17.511831,-23.003923,1
-12.460418,32.99114,3
-4.986538,31.685387,3
-6.501931,-22.929207,1
22.4341,7.80375,0
-19.285025,-31.689266,1
24.295284,12.185784,0
16.63105,5.7460885,0
-13.332231,-9.894713,1
-8.284808,24.250273,3
15.848489,-2.7443256,24
39.133213,-3.050193,6
-21.767881,-18.21697,1
-2.6084144,25.749197,3
-2.5789049,-24.043938,1
-2.6258655,3.8121448,14
-14.801982,-29.710405,1
-20.896084,-25.132702,1
1.9450582,-1.54093,14
25.288242,-4.1252885,32
41.224903,1.1274543,6
-12.098725,20.960232,3
-18.835588,21.731724,3
-14.130038,-18.14162,1
-21.59605,-19.114315,1
-6.815705,21.987982,3
17.493956,10.47411,3
-14.463901,-11.0742855,1
-20.232883,-17.319365,1
7.2465076,0.17365816,14
28.66397,12.025495,0
0.090469345,-14.510413,1
-13.922573,12.38726,3
-9.703822,-22.769745,1
-6.5684624,-10.518074,1
25.783775,6.161061,0
-15.256098,-30.765915,1
8.264856,19.41145,3
8.793295,28.688904,6
33.28475,5.3099823,0
-26.297157,-13.87381,1
-20.902418,-20.747997,1
-8.113886,-19.241634,1
6.2392645,-31.199118,17
24.160505,20.334621,0
-10.687144,21.500406,3
26.326855,5.438135,0
21.799175,24.96379,9
16.757208,9.813624,3
9.962784,-4.172923,14
-8.5701,12.814779,3
21.768465,15.185238,0
3.013137,27.186075,3
-13.443992,-28.156813,1
0.2886168,26.010069,3
11.658575,-31.85785,17
18.261875,-25.90492,7
29.514841,12.603959,0
-27.761368,-7.045313,2
22.301489,6.359461,3
-10.848071,22.795254,3
-13.908832,23.954414,3
6.1615825,-11.108623,35
-18.455132,-21.879492,1
27.794724,5.8545427,0
4.4126,0.40174675,14
37.00045,-3.5079844,6
30.052177,-4.599528,6
-9.513492,12.691955,3
-7.5621247,-15.265129,1
-2.9355733,-24.618574,1
16.496061,1.6419547,24
12.289607,41.989902,30
11.392521,-31.47689,17
26.87097,5.6966047,0
-16.45684,-3.4965973,14
24.404505,11.709482,0
-1.0841233,17.383087,3
-12.923024,-11.871632,1
-27.760275,-16.0795,1
11.291493,-2.4709127,14
-15.411183,-16.109995,1
-16.501902,-27.938128,1
12.234578,-29.688015,17
11.788351,-15.287504,0
11.680595,-9.7060175,14
10.836937,-5.9894295,14
5.8504868,-31.699183,29
5.910132,-19.267496,0
40.33082,1.7455084,6
-28.359604,-12.061665,1
22.990992,4.3902855,0
-1.8377068,29.2284,3
26.133905,22.22262,0
18.26798,-27.28204,7
-3.0579903,27.444319,3
-14.890513,7.063365,10
-9.378954,19.837622,3
-19.119537,-18.433899,1
20.645094,-14.071231,0
16.13166,14.097421,0
-29.057896,-15.431485,1
14.086254,-0.78567106,24
25.887436,20.70251,0
38.98455,18.99015,0
111.51646,8.654675,22
-6.726953,23.024576,3
-20.872736,-22.296793,1
13.261455,-7.6274385,14
3.2425559,-6.219002,14
-17.071468,-22.14029,1
-27.212414,-8.673456,2
-17.639433,17.922798,3
12.099673,12.491736,3
-15.096265,-19.987959,1
-26.919067,8.668012,5
-20.225094,-13.640318,1
10.638036,-0.6103421,14
-19.916601,-27.015205,1
-20.446325,-19.235416,1
38.236576,18.0847,0
0.8332682,3.1247828,14
40.862816,-4.083287,6
16.908867,-18.9017,8
26.25513,22.509207,0
40.932163,-4.137627,6
1.8200337,1.7136714,14
-17.8146,2.7177687,14
-5.4414845,31.86258,3
-4.5030317,-13.385659,1
15.167594,26.37166,12
-12.974603,-25.465914,1
1.8373046,17.996305,3
-9.505064,22.624405,3
-9.424699,26.549412,3
-12.187655,0.7528239,0
-19.974527,9.581099,14
0.9505611,26.719015,3
-9.275606,-15.731441,1
2.9420378,-0.4814284,14
19.418629,-12.209298,0
-28.870749,-22.583002,1
-23.661766,-12.142003,1
20.415672,7.252467,3
-6.946915,-15.1075945,1
38.30897,18.975742,0
-14.407589,-16.687763,1
12.44834,-6.271332,14
17.921839,-0.3452214,24
8.415604,6.0612745,14
-1.3054674,-5.709195,14
0.4250083,29.422203,3
24.244675,12.26052,0
-15.180341,-13.82695,1
-7.3922,21.244421,3
5.8068376,21.645044,3
-15.982594,-16.004263,1
37.83862,-2.4044816,6
-24.32882,2.9779935,3
-1.463636,24.28148,3
-15.989239,23.494162,3
34.389156,-7.531743,6
-4.9745317,31.414244,3
11.965554,-30.325151,17
-14.236323,-23.221916,1
20.850397,4.508614,0
39.98845,18.063055,0
-16.238838,-25.02518,1
-12.249193,-30.226679,1
-19.092634,-21.151524,1
30.378212,-0.80628026,0
-26.22466,-7.481627,2
-15.917453,19.646805,3
-12.111512,18.53511,3
-17.45183,-32.630306,1
33.851917,-2.8871088,6
-5.267672,3.230474,14
-9.024287,-19.016396,1
-2.28503,0.04216747,14
41.014786,1.2325906,6
-0.58506083,27.949879,3
11.898154,36.977077,14
6.753231,-1.9436492,14
6.5518517,-2.8481498,14
31.539984,-0.2161852,0
6.6088114,-29.787031,17
-4.494506,-13.432912,1
-12.181546,-10.889487,1
11.34254,4.3053737,18
-0.4174864,23.111452,3
11.661093,-7.6033735,14
-18.866547,17.644339,2
-7.71594,23.789103,3
32.123962,3.377061,0
-9.938018,-15.317035,1
-17.74483,-14.085494,1
10.348915,-8.152222,1
-18.07709,-17.831753,1
3.313913,-6.113489,14
-24.49453,-17.446722,1
-2.1014507,31.055344,3
1.0794758,-1.735274,14
-8.525497,-27.080225,1
-23.86037,-17.015615,1
-3.4838667,22.464088,3
-7.480033,-18.017456,1
-19.297506,-19.691486,1
-4.478782,31.034586,3
-14.939433,-22.73989,1
19.225664,-26.875154,7
-26.782324,-10.34003,2
-27.99493,-5.463934,2
29.888594,11.33711,0
11.074583,42.552486,30
9.190131,28.710098,6
-13.170844,23.668787,3
-12.94444,-13.019631,1
-26.132889,-22.228863,1
-16.20976,-14.441101,1
-17.38936,-26.556105,1
-8.210165,14.3344965,3
4.0037823,-11.321108,35
-22.224854,-17.944857,1
23.039719,5.7362814,0
-9.140052,-13.808516,1
-18.442896,-16.52795,1
5.5358076,17.554607,3
12.611582,42.4552,30
-3.5705748,31.065811,3
0.15401155,0.5482495,14
-4.1929474,-32.04384,1
-11.430091,-19.849468,1
11.332359,4.292043,18
20.83972,5.6926312,0
-3.1381943,32.630817,3
-9.169818,27.553383,3
-8.40446,-22.182001,1
0.19347464,13.318672,13
-24.876219,-7.9803796,2
-18.952774,-19.723885,1
21.662878,10.426726,0
-9.17067,-25.551702,1
3.3145328,4.036799,14
-12.063206,-6.019495,14
0.6062797,21.86069,3
