,x,y,label,name,uuid
0,-4.923289,-8.993803,L0,upatre,737e81c6-7745-4731-8c79-947eff76d2c2
1,5.749823,-28.976469,L0,vobfus,5f04cb97-caf5-415e-9870-a2b9ad4ca9dd
2,-22.250462,-14.395188,L0,allaple,79beae16-9b1f-4d6f-9b2b-226e11555425
3,17.546892,12.812986,L0,virut,86d4a5a1-b400-4619-bae2-8586f1f6eca5
4,3.7043724,0.67585176,L0,sytro,1f24f6af-0276-4294-a9aa-0a8939197e12
5,-2.0629394,2.790426,L0,sytro,4f9c4715-139c-4023-ad3d-1704cf194e38
6,14.742938,-6.3772774,L0,softpulse,37eee469-e520-44e9-884f-3ba717a07bf7
7,-4.5634685,20.213312,L0,allaple,2d9b5790-d5c8-469e-bfca-8e6380e7710f
8,-6.749728,-20.360527,L0,smartinstaller,5e588884-2581-4227-b5d9-4f5017b397ce
9,17.437649,-32.472607,L0,sality,0c26fec8-3194-41b3-b195-159980b77f66
10,-29.75898,-2.261306,L0,virut,6b8a0104-dd36-488a-acfc-a15f35888265
11,5.1885467,-27.499933,L0,spammy,5d1d73d3-c7f0-4760-a3ed-4bfa9dc9d319
12,-28.881355,6.2705526,L0,allaple,081ef890-96cb-46fc-a9c0-d81d9faf20b2
13,-19.980494,-4.888372,L0,shipup,494ed36a-dcea-4925-a6d1-70dbd9c41369
14,-17.902243,24.954082,L0,virut,9a7c9711-426b-424c-b5b4-b32fb50c55f5
15,-6.6910095,28.286293,L0,virut,5ce310be-48b8-4adb-b48b-56fe30a416eb
16,-21.702526,0.49977604,L0,allaple,1e04691c-3e3c-444a-9f6d-031158b4d07f
17,-2.449117,31.812723,L0,allaple,3f32b2e4-1311-4841-89f5-0e2f07ef5fa1
18,2.387972,33.93829,L0,crossrider,7f656901-651e-47e3-b1d0-fee055e469fe
19,17.477184,13.230574,L0,virut,29b4368e-6d02-4045-a3c5-6a8f66b8540e
20,-5.729844,35.0839,L0,allaple,36de8a05-bc57-484c-ab4f-f3b0d7d47b2a
21,3.962638,30.666426,L0,SINGLETON:2fcf708cad00e8785ad0c2aadec24bdc,0bc688bf-07b9-4903-ae40-69ba6a111e2b
22,-4.4051366,-25.849224,L0,neshta,0973e428-62c5-4b45-a141-bf2669f8fc12
23,-16.22079,-40.1753,L0,sytro,27dc245f-1f5f-42e7-aa92-e8b70b20529b
24,0.1063111,38.898438,L0,allaple,9a2db30a-495f-413c-af5a-e2c9a034f54a
25,-17.92161,-16.634165,L0,downloadassistant,29e56473-f7ae-42ee-a336-a6a798b39599
26,-20.780321,-14.940533,L0,SINGLETON:af49f16f85d6f19ea06f61a9691d5a65,6d320f93-7dfe-4866-92b3-611acb1470e1
27,30.17585,-19.033085,L0,SINGLETON:00b68dc33cd0a7122ffc8f1a237528c7,9a5cfaee-a478-444f-8dca-7f401f8f0df5
28,5.065048,25.816463,L0,tdss,9f7053d8-7101-4555-8e81-6de19c37cb32
29,-15.68369,-16.571964,L0,allaple,135c3a72-b7c7-4637-9103-7d7b252c5f80
30,30.152557,4.6729736,L0,firseria,96de28f3-06f5-4d57-9e31-97412bd64908
31,-18.79399,0.012707348,L0,browsefox,7cc08991-bbb2-46b7-9abe-cc79c5dd9804
32,13.861346,-26.120829,L0,parite,2b8c3be6-9bfd-45d6-a6d7-3624ebc3073c
33,-3.4055705,-3.8708854,L0,SINGLETON:b21d9b9cc2ae105447c16565bc5e68dc,6df248ea-0741-4f62-be14-5962397278eb
34,28.44124,-18.410835,L0,vobfus,6acba1e1-fb0e-4e5e-a277-f5c698f3b957
35,9.406414,23.290985,L0,shopperpro,0f779d63-44b5-47b7-a455-c11b3a386013
36,0.2386317,-0.94719285,L0,SINGLETON:6d9ca5c4e344229b04b7536598399145,2b920255-b5f5-4c21-9db3-aec25901b23e
37,2.6127343,-12.519713,L0,multiplug,611be64f-ef70-465a-afb0-0937d62e219e
38,2.4436035,33.925205,L0,browsefox,9e9eb738-28a1-4bb9-b78d-72dee03307ac
39,19.715069,4.119707,L0,steam,1f73bff6-6087-476b-9339-766809413674
40,-14.942262,7.2054133,L0,installcore,2c74d452-3b7a-4be3-b713-d5f9d4a08c4c
41,6.3050795,27.19977,L0,pcfixcleaner,443ff6ea-5642-4858-8faf-7bd78c1ab2d8
42,16.643045,-3.7679405,L0,softpulse,1ce3e04e-2155-4f99-b18a-5a9c3fcb718f
43,-25.203249,-12.575453,L0,zusy,50ebcd3a-e378-4f6d-a7ff-aebe5d33b548
44,-6.9270267,21.79691,L0,zegost,5d418a83-eef4-48f3-86dd-b54690952237
45,10.731582,30.767185,L0,browsefox,1abb8683-d3a5-4b71-8659-a04bdfb3aed3
46,11.855151,-41.958622,L0,dinwod,367a2704-4940-468f-81c6-7287b14b980a
47,17.773867,11.731472,L0,chir,24d3e0b0-4343-4f31-b24c-74db2d9ab7e9
48,12.632597,-42.834583,L0,dinwod,07893231-e24d-42aa-a309-ae6bd3c346ab
49,26.123669,-30.459702,L0,shiz,0833b95d-b48d-4900-9f35-cf29f6356c34
50,17.63628,10.226868,L0,parite,8cb0efbd-8e21-459b-b4d4-6e26f697ec9b
51,-10.240934,25.046944,L0,allaple,70e1be1f-458d-49d8-b97c-0457be38044a
52,-12.154599,-20.86365,L0,installcore,398eabc4-0571-415d-9ad3-a50b0dfd4985
53,-0.6232403,29.449743,L0,upatre,2dd37f38-877e-48b7-a779-b1835f94a877
54,6.027024,-2.983644,L0,SINGLETON:3c0a61152240f44ea04ef59c84b8c194,67c9b5d6-55f0-4c18-a1a9-b3e680de0af7
55,-3.375147,13.701965,L0,NO_LABEL,05947013-fd9d-4740-924f-8a54c1155208
56,7.4966106,31.233711,L0,allaple,26ee24c4-c6ee-4b58-823e-d28223b02e9b
57,4.2032614,33.350643,L0,allaple,27c64d82-f975-4c40-83cf-9c26aec77948
58,-15.171491,25.450014,L0,ramnit,622f054f-0b7a-4d81-a412-7c3fbc6ed8f6
59,22.954357,-25.61958,L0,virlock,0554698e-619d-45d8-8846-0439fddd39e0
60,-27.056961,-11.3530035,L0,downloadassistant,99ce3ce4-779d-44f7-a415-4c719c15a1dd
61,17.49165,13.375834,L0,virut,9ed1635b-4ee0-49a8-8e7d-21a2160250ba
62,16.56111,-4.694607,L0,softpulse,3e3df01d-80db-4f1f-be60-257aacea4a19
63,9.181091,-0.942399,L0,shipup,9f290676-8d09-4682-aadf-f01263e5ef7d
64,-1.9042509,28.18697,L0,upatre,3f9a9a9e-9847-4fab-a6b9-6c95fda868f8
65,2.877072,-10.97478,L0,multiplug,1e56d2c7-18ad-4a3b-b794-f7c00259cfb1
66,17.306608,13.40485,L0,virut,6fd34ee5-dc1b-435f-8f6b-9779a3f2d0e5
67,-26.531641,-0.5115353,L0,allaple,28a6ec57-ee64-48f0-8a64-4d0a77c5e2db
68,1.9912837,23.183537,L0,allaple,066d1ed5-d0fd-4073-a405-e027ab17a558
69,-0.7600563,-7.0676103,L0,installmonster,6f24c4c1-db12-4bd6-983e-05d92622589f
70,14.824803,-15.983452,L0,airinstaller,11b93ee0-96bd-4ffa-a84f-a8eda71b162d
71,6.7221174,27.707588,L0,browsefox,1bc8c588-3648-4b04-873b-ce58a9b524de
72,7.598251,19.587929,L0,vtflooder,04e5dddb-9499-4e61-8dc0-33b148abed67
73,17.986483,-32.329338,L0,sality,6f2b4067-3255-46da-bd4c-eeba5e670ef9
74,12.822805,15.795515,L0,netpass,59a09bc4-c83d-478d-8c36-fb7f7b018f37
75,-14.4285555,-1.7892421,L0,sytro,7a2ecdaf-7c46-45d3-879d-237d7cfacb08
76,-13.594385,-21.917347,L0,installcore,83c01312-66b2-4a25-b332-936b184c894f
77,-22.191236,-8.821512,L0,virut,46a1b5df-79d8-45cf-96f1-16cd08fb91e3
78,28.73817,14.065532,L0,outbrowse,6a4614f5-84e4-40d0-a320-0ed3dc5f1748
79,-15.457523,-109.88059,L0,zbot,1f1c6cd2-0451-4fe5-85cf-8225df0c6e21
80,9.481836,-3.9196637,L0,hijacker,3b3dc7e3-2206-426e-b826-88251feff4bd
81,-1.8917195,26.44853,L0,NO_LABEL,40a463d5-987e-48ee-9508-a750f175e083
82,-17.292107,25.854294,L0,SINGLETON:f5355088ec44afc19c33b8c571a1d7ab,8a86ac8a-92a6-4c3b-ba86-eaa8f688178d
83,-9.10457,-28.740128,L0,ramnit,0c54d8aa-ac4a-499f-b397-b79ebedf9481
84,-20.218761,-9.007637,L0,virut,6e7ec526-2756-4ae3-aff1-f0a53643bcc2
85,8.522018,-9.859606,L0,upatre,445b63d4-d5c2-4090-9af4-15cb804d976b
86,-3.3804736,29.998322,L0,allaple,98ff6d61-8984-48cd-8bef-d31d35e609a2
87,-29.782755,-6.2630305,L0,allaple,7e83b391-d0d6-4ec1-81ca-4b52a8c4ece6
88,11.150242,5.910876,L0,multiplug,5cc41443-191b-4a74-abf6-25a4443e53da
89,-103.78418,-34.646095,L0,winner,32cf5237-1ce8-40de-bd10-9ce0d2e5b628
90,15.51137,-16.410532,L0,SINGLETON:21ef1686b19ccc0a455aaf292d9e0272,9ae1e5c4-5852-49dd-b024-42ddc85279e7
91,14.637518,-3.1691687,L0,opencandy,47bc09fc-3577-46f9-b109-89d559218dfa
92,-25.34996,-5.0952797,L0,outbrowse,07e83375-2fe4-4ee8-83ce-c25523aa8ae5
93,-17.346273,-14.844089,L0,SINGLETON:e73cc8063c76af90ab74a2fdf809c87a,0620edfa-04b4-4d1a-8a03-698b8471a55e
94,-21.660175,-13.442282,L0,netfilter,5f1dce1e-62af-4d1d-9117-3bf1332fbd4f
95,8.9210205,-17.426228,L0,installerex,2b710ac0-0bc7-4fd8-9e84-f944773ab87f
96,-21.561745,-6.669512,L0,convertad,60bef43e-fb52-481d-9969-9c841049c962
97,-0.24872419,21.668552,L0,mira,421e5430-3078-4ff3-919e-f11894be8784
98,-23.372383,-15.523946,L0,kovter,40a48111-78c1-4a73-aeb0-423460c9cc48
99,-14.660421,7.475041,L0,installcore,29ab538c-7ad2-4a33-a129-b2ba5d19911d
100,-0.76922965,-7.0483556,L0,installmonster,9bfa7e5e-dcb6-4874-a3d2-89448e40cfa2
101,10.437314,-11.633954,L0,loadmoney,17c8208f-11c9-484a-a02c-f38e160b6e30
102,7.6685734,-2.097119,L0,SINGLETON:59fa09e92148d7d71b5358a5bb481522,54c3ab8e-03cd-412b-b9a2-0362fd2fd2b5
103,11.140413,30.782795,L0,parite,6e608c42-ebfc-4ab5-86d9-dfbef5924541
104,3.7225482,24.981619,L0,neobar,87a96c87-b7d2-424d-9691-5043af3227aa
105,18.412344,-4.082326,L0,softpulse,510f4a7e-8649-46e9-a411-6248db07e307
106,-11.881693,24.750753,L0,allaple,99a99858-4b47-401a-a898-a869313df1e8
107,-13.522601,-19.542942,L0,allaple,93c39d8f-3955-4232-9486-19f259fffb75
108,4.3333707,29.539978,L0,virut,02030206-a558-406a-8654-3f740289e245
109,-28.083714,1.1685033,L0,outbrowse,2af39d0a-f59c-4831-91af-951020537906
110,11.147085,-40.955864,L0,dinwod,9f40b8ff-a371-4bbc-9a4e-819b543ca326
111,-13.925685,-16.547981,L0,SINGLETON:30f8ca9ab59832f9ab1a4c6676a2dbfe,06fee484-3dde-4e6e-b046-5c969438b3a9
112,31.656796,-9.80651,L0,SINGLETON:368624785a794520e81f6c84d01ba44e,7e9b6bbe-7f96-42ab-beb8-dc872b639157
113,4.820075,-15.145896,L0,multiplug,135f8267-e855-4daf-8d37-f3ea02a1a2ec
114,3.6593297,-0.509087,L0,loring,0064af06-3a41-4a05-ad01-d3d4f3b6e46a
115,-21.226498,-13.176645,L0,ibryte,4d2f0066-75b0-43ae-a3c4-70378323e382
116,16.86985,-33.55825,L0,sality,3edbeff2-1d9c-4528-abaf-f7d5f3a0ee58
117,-3.30173,26.896646,L0,chir,733c6c3e-e6de-4099-ac60-b54f86d85418
118,-2.249106,39.500046,L0,allaple,07ba2193-1f2b-449b-a091-29b3b44bcbeb
119,-5.448548,34.784058,L0,allaple,063da8d6-a1ce-413b-a89e-1b89c64552af
120,11.170399,-43.20066,L0,dinwod,44bea8c5-e0d6-4e29-9632-22d71cdffbea
121,24.003902,18.327486,L0,outbrowse,59c0bcd1-78a4-43c4-986e-8160ab2536d7
122,-4.5929236,24.90626,L0,allaple,06a5ef4f-530e-4902-8e05-58853cc0d8fe
123,-7.438804,-8.8300705,L2,parite,144d047d-1e4a-4355-93db-849fe920e480
124,0.5879071,38.518417,L0,allaple,95f5be6e-8ce3-4ff2-af78-7cbc71cde980
125,7.350618,34.44956,L0,allaple,00fd093c-4303-4273-b982-1340387d2b22
126,8.442216,18.398252,L0,mira,04de9e58-522e-408b-ab9a-face8677747f
127,2.9162023,21.455544,L0,SINGLETON:3b2687dfeab7ab624566c5e2c5669932,595a1f31-395f-4c8f-b453-440b4baa6cfc
128,-3.5023446,24.434702,L0,allaple,333cd7f3-4124-42d4-9272-f83f64ddd895
129,-14.3149605,-20.560074,L0,delf,77bf917b-32ea-4c35-ae55-bf7a8259e1f5
130,3.0358174,-19.045233,L0,domaiq,3fd85aa2-a663-4b29-9593-f9e3b2ff32eb
131,2.573906,-32.582222,L0,vobfus,0fb19beb-1bc4-416a-a207-da0758cf1468
132,-13.286777,-18.188656,L0,allaple,3fa589ac-2d8b-4f1c-ba98-9502caa40376
133,-10.183815,15.333708,L0,verti,10e0537f-d394-47aa-8217-d7b5c6669c4c
134,-15.421367,-40.468433,L0,klez,7f6b11c8-a504-4347-82b1-562f2189997c
135,6.5345664,18.140373,L0,SINGLETON:87aa756d0d9abface8b4925ea9861eeb,5d8af65e-6561-4400-9f0c-929402205ae4
136,2.5668387,-0.5708602,L0,sytro,2a2782dd-4d36-4c29-b382-baa13cf81e96
137,-10.908575,31.032837,L0,allaple,58f5dba8-4129-4f86-8cb8-0a46cf5f619b
138,-10.856392,27.482054,L0,temonde,112f329d-b840-4720-845d-8bb8a53fd73e
139,26.428984,-6.192591,L0,firseria,493b69c1-d2d5-4a77-8da0-82a3761f87d0
140,-23.399515,3.368104,L0,sytro,459e0894-f960-47e6-8aee-93b3f800851c
141,-14.045276,29.311476,L0,svcminer,1cf02f1a-2037-4f43-80bd-3c883547dcce
142,-9.897174,25.03289,L0,allaple,5d648615-b085-4c72-ab9b-c9fdf6f4dfd9
143,1.4122138,0.14950044,L0,picsys,81f55ae6-2818-4b1c-8bd0-d6543922566e
144,10.510985,27.37391,L0,klez,0a87b0f5-b8f2-425d-9a33-1c8c42fb265d
145,3.698027,5.4815125,L0,multiplug,1a040b04-d136-49f3-9d20-c229d63d1290
146,-4.7194963,33.112255,L0,browsefox,3b412457-fc51-4cd6-9e2d-d3fbcfc8538c
147,-31.39578,-0.39433995,L0,vtflooder,27cc2204-a2a7-42ed-a41c-5be7a3afb6d0
148,-0.096520945,-16.872997,L0,SINGLETON:66dfff395f99474ff670215b1c4a95e1,4e038460-3d82-482f-ad63-95838c81220c
149,30.760044,6.4735146,L0,installcore,5c7241cb-0208-43e6-bd6d-44976f12f0c8
150,-8.52873,-1.5924584,L0,vilsel,8f5af622-a5d0-4477-b32d-5de216fb1e51
151,3.113065,22.324465,L0,delf,30d88354-8a7e-483a-8e6c-ca109d3e9e12
152,-8.5552,20.514574,L0,rubar,4df68f7c-2c4b-4072-93e1-b903785145e6
153,5.5570507,-3.7968585,L0,softcnapp,7d111a0e-fc9d-45b3-bb09-e52ce2735730
154,14.758281,-3.3303962,L0,softpulse,18d1f284-5821-4fc4-a8ae-1896671c7fb0
155,-13.036399,-16.780735,L0,ramnit,26cd770a-f5a5-4592-b032-e132cbf4e244
156,25.574854,-2.9198298,L0,firseria,15bdf646-cde6-4587-bd5b-e9e30319628f
157,-18.560566,-16.66299,L0,SINGLETON:0cef84e0f9e3fa1ca640fc67cf1f8761,23a28fe7-c84a-423d-aacb-175c7e24097d
158,-23.808249,-10.986487,L0,SINGLETON:dd15968a2f8a9271a2144ee60e1ad4d0,0795813a-2d30-4c88-968a-c23368d44050
159,-6.706292,16.471897,L0,razy,5d54f132-1266-4ad6-9690-0b2b4ac40b4c
160,7.87733,17.079052,L0,inbox,0a28a25a-4ef0-41b1-b37c-d6e7f00607cd
161,1.5504457,-12.623541,L0,multiplug,93e8d301-06f0-4772-a4b7-6ffbcce73d05
162,4.0802293,1.8975917,L0,eggnog,69e14515-dbd2-4bad-ac34-176eecf1f5a5
163,-8.716417,22.284863,L0,webprefix,1eadb651-2951-4429-a254-6f8fb6f25f1b
164,-22.85155,-6.9679174,L0,virut,1ba8d506-a372-4452-876f-483c97bbf7be
165,12.783077,15.77429,L0,SINGLETON:c4abbebddb36ef97eafdcffb767a9b88,4e1b4355-b7e3-414f-b39f-fbaa8cdf0c0d
166,22.92302,-16.426815,L0,fareit,6dcb0712-2c05-45d6-a304-1b0db3167d99
167,-16.158325,-2.2085004,L0,wapomi,5e04d538-1938-410d-9b8f-c845812883de
168,-26.602217,-17.340494,L0,allaple,14df5520-ce05-41ec-ab49-86ab8ccab39d
169,-13.383297,-17.945581,L0,upatre,2ae91e4a-3b4e-43a4-a5bd-e765590d4fa8
170,-21.16669,-9.432903,L0,SINGLETON:1e411405dfc268d66b160631eeb2c471,5eef81f5-20e7-4300-b95f-fd5df308181f
171,-29.205603,1.9540102,L0,SINGLETON:d7b5537a85089382f1d63acf0f560c87,091bae99-5ab1-4c99-b57b-a7a050e36e82
172,13.145499,-26.887026,L0,parite,9c39ed11-aace-4073-8da8-329b11041f11
173,-3.9616978,-15.721702,L0,mira,73db5b8e-19ca-4c76-b4b3-b770ee6a2a22
174,-15.049834,-41.708622,L0,sytro,0c40c4de-4176-43cb-8b74-703c85c58e93
175,26.91248,15.972677,L0,outbrowse,1d06b674-b9c2-4f78-8b28-f7c815d54bdb
176,-0.41071725,3.926455,L0,virut,0adc2dc4-1bdd-427d-8378-575f175492eb
177,21.929049,19.165304,L0,fearso,7e3608e0-0c00-41b8-9651-3733c1451da8
178,8.452604,-9.366206,L0,outbrowse,310fd2cf-1a2a-4153-8853-0831e1b4ac96
179,1.0781609,13.081683,L0,wonton,15b40419-d939-4cf9-a0fc-7e6ffdf0c4e0
180,-13.195757,-3.5036058,L0,allaple,554f651d-2061-485d-b29f-722036918b60
181,-15.63531,-39.518486,L0,klez,2da92212-aa85-4171-837f-730255a2a5ed
182,-16.330248,-16.162241,L0,virut,23d972ee-c1b9-4665-8d82-4f93b43de658
183,-24.40865,-1.8891934,L0,allaple,9e07a488-bc2d-4a3a-bb25-f066aadfb8b1
184,-29.323792,5.3359756,L0,virut,019805cd-5b30-41f6-902d-8dcb0437d438
185,-5.5744143,2.6088464,L0,shipup,2e0fe7bb-d216-4e4d-881c-dbf58bd23547
186,-15.2952175,-14.593836,L0,winlock,2d25f886-21f4-4be4-9ccd-9309240d8573
187,18.020054,-20.936804,L0,virlock,2f96d091-5f33-4ee4-adaf-12acfaf6c7a2
188,19.384226,3.4972725,L0,yuner,394f2001-db42-457a-ba69-6bf522acda39
189,0.9860428,31.440948,L0,allaple,7a455cf4-a381-41dd-a315-c34eb786f368
190,-0.7640528,3.2059398,L0,picsys,2d65d87b-d0a5-4f18-a34f-ccdf6ec591a4
191,9.937995,3.9793239,L0,multiplug,8b3c6881-21c4-4ef2-b71f-7ee5e8ba349c
192,2.6575267,-6.517596,L0,virut,1e26e755-9ad2-49e8-8c94-f24abb39d001
193,15.112513,-21.739727,L0,mira,7dc8ca57-eed2-438d-85ce-d0fe3b3e1c2d
194,-8.547191,21.893164,L0,allaple,4ef3552e-af2e-46fa-b8c6-59b8efb95560
195,-17.469004,-16.127018,L0,SINGLETON:96acbefcacf1e7db074791260ed59979,139ed2aa-4a99-4738-8bb6-df7cc64bfbe0
196,1.5186988,32.702194,L0,allaple,724e25aa-e4c8-4005-8971-81d7f2a2d365
197,14.7296715,-15.446986,L0,ipamor,0aea3d46-c51a-49a3-90e7-4fe6e13ff042
198,13.225911,-4.744341,L0,softpulse,7a2237de-ebe2-4be1-861a-3b0b0bcdfd25
199,-28.103224,-1.0196421,L0,outbrowse,0591a0d7-ee3b-4db4-8033-a9fb68e655e8
200,8.324621,-1.3109668,L0,SINGLETON:2e56eb683525adde02b6c879c6a07d4e,97ea6d98-d6d7-4923-9bff-3f8db69d7d71
201,-3.8095164,17.635258,L0,NO_LABEL,737d747f-3bff-45d0-8e52-120bf2d5414c
202,24.394854,8.24888,L0,firseria,8eadf9f8-785e-491d-b96e-9c18a2d4425f
203,-13.147946,-14.681787,L0,istartsurf,34a8fd32-4834-4f22-839e-9a05d1e1c905
204,31.958694,-17.896008,L0,bladabindi,641f1328-8873-41cc-9a47-5934420d09bb
205,25.147581,-24.17544,L0,virlock,4ab745a8-41ab-4266-a477-b7820fba7efc
206,-5.389817,36.674183,L0,allaple,6fd32109-b09d-42a4-be2b-49f3e3c13f1d
207,14.672826,20.789053,L0,zbot,5d7d3fb2-8660-47ee-8dda-27e4c0de7ee8
208,24.818335,-1.1734487,L0,reconyc,4fdbba2e-88ee-460a-b3e6-792a80d14b0c
209,14.3902855,-5.4602222,L0,softpulse,4af53d91-37bd-45e0-a986-ab507b0feb13
210,5.6624265,0.1839644,L0,sytro,6a494d4d-3251-439a-9eb3-eeab0b0a6612
211,-11.226168,-12.95667,L0,parite,123e7295-b554-431a-9973-919ee996a232
212,-3.556909,1.2463204,L0,klez,01df5e8e-21b1-4c54-8a7d-35c92238fdef
213,5.5206285,22.848192,L0,SINGLETON:3b88d0d38b3241eb8cd54fa70d948dce,31d046f5-489d-4b32-8d6f-533eec7f90e4
214,-9.665537,-15.902553,L0,amonetize,19c86ba4-5fc0-4e00-8f0d-a3d7087d8182
215,7.1167746,-4.23178,L0,sytro,05d345fb-7c9a-43c4-b9c0-038ab991a6aa
216,-25.984827,-0.72101533,L0,allaple,4bbed746-8df7-45f6-b1b6-91e4774c8019
217,9.610493,-9.352167,L0,SINGLETON:137427c4882a54d5aa3f51af2d8b7bee,9e388dd5-412d-49ce-812b-2359a8c499f9
218,-0.6383872,30.247023,L0,SINGLETON:12f4e3b304c5c3677ddb9e4d53b42f64,3b91d1c5-71f7-4432-b8a1-28aa0676a052
219,26.037527,-5.941376,L0,firseria,337c32c8-daa6-48b2-8cc9-ed0b54ce2a0b
220,-7.2560406,35.34157,L0,allaple,45c566bc-8bdf-4b13-a4b2-b82abbe68b8a
221,-18.29338,-2.1430643,L0,browsefox,1c1a1fb6-edee-435d-890c-1cfbbb162e26
222,26.351,-6.864236,L0,firseria,00bbbcde-5cec-406b-834f-7563804c36a1
223,-14.94086,-18.848118,L0,virut,3ca3b2ab-e79d-468e-8336-24f8abc19532
224,5.22822,31.0413,L0,SINGLETON:8e97ccdd1b5dd5c30512873b3602e9d5,265b9f4c-6f88-41e5-a67f-0c1a7e44d5a1
225,2.434362,3.1816187,L0,multiplug,99fd8b7d-f77f-4ced-9de7-b3af208fdee1
226,-1.4636782,24.165747,L0,ramnit,45d318db-b8c8-456e-97e5-150c42e644d0
227,7.9470754,20.296038,L0,killfiles,1a0d2a5e-ee4c-4fac-bc94-253d02cb4af0
228,18.387722,-7.470947,L0,softpulse,0528e750-0716-4f2a-9e69-53cecc90be17
229,30.449234,7.3863745,L0,installcore,8a406ec7-998d-49a4-b122-96e85fcf32e7
230,6.599046,3.034814,L0,urelas,4ca54cae-5b85-4e6b-9b0a-8e43d43b4bca
231,18.194351,-14.884406,L0,midie,253aaad2-3bf7-4e24-b23a-266e01de56e2
232,3.3331034,7.5622616,L0,multiplug,83a00035-35b3-486a-9c05-1b816fe00c74
233,-4.5178323,17.176847,L0,allaple,5c6c626c-9066-43d9-a82d-2d5ddc6e8ae0
234,-4.91657,4.2183414,L0,SINGLETON:455b3ce5a0e7310c72ed9dd9468c3cf0,2ab76f02-469c-4051-94ae-cdc5cfbf55df
235,9.6805725,-21.648819,L0,zbot,0228b751-0042-4122-98e7-aa92aed295fe
236,-24.673792,-8.025406,L0,bublik,2de6e126-f291-4dde-9839-9e0d22ffccc0
237,17.802572,-7.426457,L0,softpulse,3cd9503c-1131-4689-91de-44da0c2599b9
238,-11.4290085,-16.984455,L0,softpulse,56e22a0a-ff04-4713-8840-4f8544c09c52
239,0.46564698,28.49342,L0,eorezo,19bfcab8-8fe1-439a-8578-4014bf0e49e4
240,4.676143,-1.9039648,L0,loring,48c2f9f8-0f7a-4d8f-bcac-58083bead6c6
241,-8.542278,-14.747244,L0,SINGLETON:1d70013f27677c499b14c089db8ab578,262e8301-2615-46c3-a645-a3c133e507d8
242,9.238253,20.29402,L0,soft32downloader,15d95444-13a4-4d02-b20b-e68f858b3d87
243,-12.201004,2.4023762,L0,downloadadmin,1ce42e83-cb29-464b-ab7d-ca799d170fcc
244,-7.5512547,24.777948,L0,browsefox,4f4b1ff6-2b14-49bb-a743-05edac7cb872
245,12.590359,4.1463065,L0,multiplug,5cde2d6d-c091-47f5-b358-173698c3d370
246,0.9221431,-11.946039,L0,multiplug,720e7b5d-8895-4342-b264-5c04272d7439
247,31.156813,6.4822965,L0,bandoo,9fc52909-6fa1-468f-b5dc-280b7d0c2e17
248,-27.259554,2.3585653,L0,loring,0ebd7762-6d5e-4dda-bfeb-5172562b68d6
249,-9.725227,4.995145,L0,virut,36e45fc4-5f0f-4265-b1eb-977007a5281a
250,1.7318194,-1.53994,L0,SINGLETON:022dfac2c7fbf0e1684787ac09e13d04,86bdd08f-9c53-4471-a409-e330c108d193
251,-13.815743,-2.205102,L0,allaple,4fcaf8aa-ab9f-4455-a9b5-01df98a78ea2
252,-0.20104885,4.0787716,L0,dlhelper,03821aaa-f3b7-42cc-8ea3-e57d8c0b753c
253,15.493083,-12.048165,L0,expiro,8eb5c552-9377-45d6-9908-5e6fafc9a087
254,2.7489142,-26.092262,L0,cosmu,16e97fc8-9f9c-47cc-a986-08bf2f4d3a34
255,3.8958127,26.448263,L0,softpulse,86b5a207-b997-4ace-8dae-8c14c64e745d
256,9.466633,-23.35581,L0,SINGLETON:5ee63fd1b05f891fdc288e50f2855099,240aabad-340c-4c30-b681-9fbd812baccb
257,27.998175,-20.846607,L0,virlock,3d9c18ba-54cf-4976-8fb0-b5f2b91cf7e4
258,16.729704,-19.17863,L0,virlock,4b5e7368-f26e-4aff-b559-5cbeab07ce43
259,3.8616817,-1.3333142,L0,sytro,04e2c52c-fbec-45f4-b7a5-586fe7fc9129
260,11.068063,-18.92193,L0,memery,47cf8147-cffe-4e59-90d2-3da79b802f32
261,-9.04084,33.58387,L0,SINGLETON:aa89e050747d759db45ff89ebfaefc19,50f23e77-24de-4eca-a1db-d76da319431c
262,26.197567,-30.335995,L0,shiz,73d92726-2945-4de5-8f5d-b65cf3bedc7b
263,-5.8781905,31.468842,L0,browsefox,4bfec985-8035-42cc-9a32-628ab2b6e4aa
264,-14.511959,-41.07367,L0,sytro,6f2e7488-3907-4597-b340-97c8649a4004
265,4.077305,18.006746,L0,vtflooder,8ded7e52-3d4a-4593-bdb7-afeb4aa49aa8
266,-13.795665,26.031836,L0,ircbot,20fa9b8b-af81-404e-b447-7770ac4f9c06
267,16.649666,-31.83784,L0,sality,2edb35db-602b-496f-8ded-05c795329fbe
268,-13.983582,-40.91184,L0,klez,0a4a382a-edc3-478e-b336-99c128d68aad
269,-11.752116,33.39118,L0,allaple,5bd6225e-3acf-40b9-8b4e-d5f70d5e6dc4
270,-12.260633,-10.159696,L0,virut,20bc5e5a-fc92-4960-9b67-43b57b4e0f74
271,7.7822533,-11.096211,L0,virut,0121a2f0-eea6-45c9-9531-3f3797cf6027
272,-12.709141,-4.4196134,L0,allaple,49d4d049-5a5f-4c1a-a8e7-9232d9e61308
273,17.031677,-1.6052927,L0,softpulse,11d5b554-7d77-420c-bc16-c0efbc775890
274,18.438667,-5.257918,L0,softpulse,1c19ce5e-a5be-44b3-b734-ba5fa83323ee
275,7.715924,26.816475,L0,allaple,15b439c2-57d7-4d83-86a3-3323a24071db
276,26.05468,-6.0010486,L0,firseria,55f47990-ecb8-411e-a88d-c513bb4becfb
277,2.049086,21.117743,L0,loadmoney,9e7a30d9-9be2-4c14-ba93-19ffaaaa963d
278,-6.039984,27.280394,L0,fareit,78cece76-e597-4cfd-a6fb-451ac25d345e
279,-7.783503,32.581055,L0,idlekms,46f69588-ef77-4f81-9a99-1783f7f4b863
280,-21.595182,-18.512009,L0,allaple,449f8b05-d936-459f-9690-93efbf306243
281,-10.79288,26.073648,L0,sality,15d27038-b7c9-4103-aa53-2ad7deaf480a
282,21.570799,-12.950352,L1,browsefox,748a45fe-a432-488e-a29f-2d160d917085
283,-16.541689,-18.151173,L0,banload,6d175ced-0e2f-4b0b-b2a4-ded6c075cf4b
284,-15.51105,-13.091639,L0,jottix,16ce746d-143b-491c-bcec-f4f09b7cfabe
285,5.408256,35.553036,L0,allaple,531bceb8-46bd-4b71-9b5d-3dad0cd269c5
286,27.811125,-22.869593,L0,virlock,64d7b4b2-e7e0-4076-bd5e-ea9b3b2d5ea9
287,-25.483839,-3.777646,L0,convertad,1fbd69de-9d53-4c66-a970-b27adef55ab0
288,-10.965717,35.8763,L0,allaple,489a88c5-8ccf-4569-baa9-202070f580ea
289,2.7152524,-1.363419,L0,virut,24f0cc27-7009-4ac7-9acc-2c9fb7c648e2
290,-12.8606825,-11.079304,L0,virut,7cbaa03c-e4d4-4976-a63b-137a723984cc
291,-23.537321,-4.7496166,L0,sfvwg,3e5d9c47-d73c-4c52-9359-7323ae8e955d
292,-26.096392,14.618247,L0,regrun,133a9dec-2703-48ee-897a-853389323045
293,-16.257343,-19.206661,L0,browsefox,7c8b6bf8-15b5-4389-bddc-59d7b0db8904
294,6.2241163,-1.5185407,L0,SINGLETON:1e10a3ce6ea4de23c90dd0c12c2648ec,6f51ebce-7bf2-4cfd-8b23-093bf6cc7407
295,-4.3251033,-25.865414,L0,neshta,5dff9937-83aa-4463-905c-cce2c6dc0f32
296,-3.9313478,32.183796,L0,allaple,5bae6c25-7504-4827-93e8-5e0edcae5b7d
297,-1.9331983,-23.852,L0,banload,84aff230-5477-4930-b107-f9b2e093e9a9
298,1.5224394,37.735992,L0,SINGLETON:6eb3624b3c5f027238c4ccd3b05494a1,3d67689c-7d0b-4528-9dec-02a2a7bcb251
299,-25.65086,-20.384684,L0,allaple,7e99eb47-880e-4bf3-af2c-2417b7b4b44a
300,-18.316792,-10.0120535,L0,softobase,8bbed520-eb92-4144-8d7c-42dae018b5b1
301,-23.267561,2.5059273,L0,firseria,6b33ef64-c5ad-4810-9672-68f5c9c0fbe7
302,-21.940392,0.731181,L0,SINGLETON:814b866f23172da25e3dbbca9f0758ef,418acf48-7c2f-46c0-b4b3-9b81a094c713
303,4.8415923,23.577349,L0,loadmoney,3bfa8c19-b376-4b9d-835d-8bc90fde28c1
304,5.8516097,29.027529,L0,zusy,25d4c250-917c-45b9-9e2b-365849786e27
305,9.372802,-4.436099,L0,lydra,089db6bf-a460-41b9-854f-480025a4723a
306,-3.8688743,28.144705,L0,ircbot,97a2145a-9540-42e9-94d8-3f25f6cf8d72
307,4.009843,-27.826574,L0,cosmu,718f32e3-d3a5-47b6-9207-0cea9a00dad9
308,-27.641987,-6.0314245,L0,virut,72e95fa4-bee8-43e9-b6e6-29f1ce233b9b
309,28.561152,-20.88095,L0,virlock,5bc43a6a-41df-4c21-9c38-1d17ff7a1e60
310,9.279604,34.37368,L0,allaple,9fe12977-d3d4-43d1-892f-94eaa3ecacf4
311,1.4316417,29.272346,L0,allaple,3ac1726d-70e2-4030-99e7-243cbb2eea80
312,25.795977,-23.4429,L0,virlock,665a64e2-9d78-471d-b36e-e40ca0b661f1
313,-11.3357115,-15.007196,L0,SINGLETON:6b2eacfe2b0bfc4a9d8f0537ebde5b5b,1c00f84b-d056-42a2-97e9-8080343a0f52
314,26.958826,-23.426868,L0,virlock,20a1eebc-1af6-4e1e-98a1-aaefabe8b096
315,-24.336306,-3.274069,L0,allaple,4d1920ca-0745-45a9-8142-657ac98556f0
316,-108.33866,-3.3544858,L0,downloadguide,49db6c8c-c7be-4065-a483-4c1334d633db
317,-15.157117,-39.086517,L0,browsefox,3bca74e3-2f80-4718-ad22-40f5dec51fce
318,-8.701597,-1.4669029,L0,vilsel,85cbb920-9be8-43d2-adaa-26f7e0d59c38
319,26.347,17.112679,L0,outbrowse,422f504c-b5d1-4a72-b75f-68d31805f13f
320,11.585077,-42.88512,L0,dinwod,42f924c2-e13a-4d6c-b0cc-1c64355d1b48
321,-11.0293045,35.656677,L0,allaple,8edb2025-914b-46d5-b843-c93238f332d9
322,11.789687,33.210472,L0,badur,38fbcfa3-1a03-4347-af41-7678aedd69d5
323,26.261534,-5.884029,L0,firseria,05206fce-c47f-4ccb-9d06-7e77fda64515
324,-16.084053,-3.333265,L0,klez,1b36b4fd-b9a3-445e-93c6-03798bc1f45e
325,1.5518198,20.084543,L0,SINGLETON:44dd3c5a2219888965992ff864b11a0f,7f0fb9b7-0ad9-4f5a-b421-02b444ff68ff
326,8.73631,36.11516,L0,wigon,0b4d9f7b-3b5f-4558-a08c-c5b761a0b412
327,14.963139,-18.74668,L0,virlock,6ab3b2ea-5e5f-46b2-9666-8cbcc7441a97
328,-18.922457,-8.336114,L0,ipamor,9fc100b6-c925-4844-864b-19cdfd3efb93
329,27.451042,-22.423979,L0,virlock,9a056eff-0e91-4232-a542-7117c0883375
330,-2.7742276,-17.524525,L0,mira,1dcf21d3-3dbf-4c88-8762-ee6cdeed8798
331,-9.978706,32.2055,L0,SINGLETON:f68dc6379ac89a3dec2fea78d5dede98,8fc65727-b1f6-4650-ac75-69b13c695d24
332,4.3859344,-14.617469,L0,multiplug,130bf810-c885-4d3e-a6df-68b18db12e9f
333,15.670049,-20.550955,L0,mydoom,6f6a8be0-a429-474f-9b35-6641df8a6118
334,1.0381101,37.458935,L0,browsefox,6bc5b3dd-9ddf-443d-a3c1-0f2a87c0bc0e
335,-28.609213,-8.88134,L0,midia,00c1052e-8f05-4f10-8465-0ad4acd764a9
336,16.54927,-3.7351964,L0,softpulse,69d89390-4491-4076-a5ab-277df9279b9f
337,6.8070564,20.156706,L0,allaple,39e52cb3-b62d-4227-a7cb-bf12788e5e79
338,25.795023,-2.9175498,L0,firseria,2e212cb8-d7c3-4ee3-b194-dc19e7672d14
339,4.4100347,-14.655342,L0,multiplug,07e779fd-09cb-4ed6-a277-f7b7390fda4d
340,-15.335942,-2.1140652,L0,sytro,57f8425f-46b3-497c-a550-579952de6889
341,6.9855757,23.587914,L0,upatre,750c61a1-2028-4d5b-a9eb-4f273131bf26
342,-23.844103,-19.143473,L0,allaple,3ada6d33-2d2b-4715-bf92-616824bd22fe
343,-7.823769,-17.262585,L0,virut,95e4bebc-c20a-4337-847d-202e5100ec92
344,-6.0980425,35.958527,L0,allaple,3e58ff61-0307-4db6-ba28-e47651fc37a8
345,-17.826908,-2.225536,L0,browsefox,07f8ba5c-c687-4c6f-ba79-5cdb310fefb8
346,-91.44994,-61.171146,L0,addrop,1e4acea4-d0f6-48ca-9754-70512ec1b2be
347,3.8613777,35.6855,L0,allaple,2fd7238b-ff83-487b-bd3d-76ac9604a44a
348,9.656747,-12.265937,L0,zbot,8bda8ae2-e0b9-4a3e-848b-a4f8fa9c5193
349,5.576112,-0.9283323,L0,SINGLETON:9d993c3a30a6c5a7f4d58640eb7a3f16,437a0906-9b34-41e4-9fb4-c8309fdf6df2
350,7.8532095,29.527136,L0,virut,0eb9df88-0885-4746-95bc-ecf65ec9b5bc
351,-19.389791,-14.332689,L0,sality,6e192ccd-48ca-4de8-8b69-400313324613
352,-16.748047,-2.860058,L0,firseria,0620a40c-7856-4569-90e4-aa5902f3e846
353,-16.635843,-16.624645,L0,skeeyah,35bca759-9884-4a45-8118-47b9c7b35d97
354,-14.806519,-7.61917,L0,downloadguide,4c14ef68-af0d-4644-bbd8-2208276693d1
355,17.04841,28.230759,L0,installcore,2ffb4ece-f9d4-40ed-b0eb-de75f4e03e76
356,8.704128,-2.3065321,L0,winlock,313ba356-b962-4d81-8a77-fd2be15dbded
357,14.3463745,-32.48231,L0,filetour,34a58e1d-d85a-4203-8c22-2b779f60259a
358,8.733885,-6.485404,L0,speedbit,4cd644f6-fa1e-489d-ad5f-d5d6d5f01357
359,-9.096795,-28.738646,L0,ramnit,622f230f-e130-49cd-a90e-3ddd87ee5e5a
360,-27.308943,3.1326156,L0,allaple,4f4e65a3-f3b3-4c66-a597-4c9e6f227cfe
361,19.663593,-21.011381,L0,virlock,02456209-3fb8-4c13-877f-a35fab85bb63
362,13.624771,-26.840117,L0,parite,6cd17eaf-f45f-4c23-9de9-34e6b6fb9cc7
363,-7.5090623,-8.873899,L2,NO_LABEL,9a2135eb-0b04-4dbc-afa5-a6b705706c6a
364,-5.743346,24.524591,L0,SINGLETON:39e86b2da5ebe9b680ee78a20a43c384,6bf590c2-2c68-4463-abe4-bbc52ab6d4f9
365,-14.727653,-7.700663,L0,downloadguide,71f56fdb-f1f5-493f-b268-52039aa48e96
366,7.8653936,33.39364,L0,allaple,5e47ae92-8389-46cc-ab36-ef6a718eae45
367,-1.2652453,32.850407,L0,allaple,3d744c15-b4ed-4519-a21c-db76bce623ee
368,-3.560479,14.277923,L0,firstfloor,8daa0cb6-030f-4bb2-acf5-d43188ca1cbc
369,-14.339922,-27.233913,L0,gamarue,58be7f9a-09ce-407c-bf5a-9e7674b46624
370,3.3105888,26.66447,L0,NO_LABEL,90bb0172-cfa2-43d6-88c3-920d23ef6950
371,-32.105915,-13.743881,L0,virut,20ee6962-83a7-4823-b1df-0938f02219b0
372,-5.016391,-8.509409,L0,virut,340dc46a-bae8-4e50-a38e-d74efebb91e5
373,-13.813442,-19.38307,L0,installcore,730c372a-26b2-4373-a6ab-4945c902117b
374,-13.435287,22.329218,L0,allaple,642a3bae-f4bd-43ad-b15b-bbc53f7bcdb9
375,-9.665074,-22.649977,L0,installmonster,82fca96a-01ad-4e01-b9d6-ae2dd01b7e9f
376,27.459917,-1.0805767,L0,firseria,5f93c535-0507-492d-9d42-f52504f76a12
377,-8.55165,-1.5788286,L0,vilsel,3f980a0a-72b6-4205-8b31-398182182256
378,4.1621895,20.535896,L0,ircbot,702a1031-39e8-4591-a115-8326e085b5b2
379,19.342667,3.422781,L0,autoit,05e2647c-8195-48ab-86ba-c10cf11516d2
380,7.172217,-2.9089687,L0,tdss,2f233537-ab39-4762-b334-726b1198aac4
381,7.061557,-10.002822,L0,SINGLETON:f170672296b2624ebe50d28ff2fddef8,4c12a42c-320b-4092-9134-2d7717f3f2fe
382,-31.81817,-15.417663,L0,virut,7cdf78b3-25c6-4ecf-872e-6bf68dc88d89
383,-25.180962,-7.9841256,L0,SINGLETON:d9b49bb31bb63f93027fdad1f4859473,0a27765c-3255-42e5-ad04-30e6410d2e8a
384,-3.3224647,12.992649,L0,uniblue,3b7a0e18-fddf-4cfb-943e-1e4b75af6123
385,18.182783,28.833633,L0,installcore,7e42b36d-1694-4c9a-b136-6a9c28885a18
386,8.642042,-1.6205287,L0,xiquitir,94b60971-5fab-4197-bbba-f8cfdaa5210a
387,5.6833296,31.971037,L0,sality,013b2a2f-6c3c-4a22-9e8b-315944dc1caa
388,5.325817,18.246687,L0,vtflooder,73ebc10a-9305-4d5e-af60-e882acdc8fc6
389,6.58376,-6.054902,L0,SINGLETON:0868f259a34cd99eec09c559c7c17847,5cffca99-a0b6-4606-b91c-8c2b9edf2627
390,9.044109,-10.777839,L0,upatre,492d06a4-84a7-4e54-9c0f-adc5c66e049a
391,-24.27035,1.8789322,L0,downloadguide,61feca22-251c-4c87-97f8-c45e8f0fec89
392,-0.41619828,28.711845,L0,SINGLETON:1fa565d6bfad852933946f27c307bd8f,1a525bd3-487d-4ee9-8ee6-bc7efd0edd18
393,25.63587,-20.318768,L0,virlock,5bad9678-78a9-4c0e-9e01-3a59ecba8e93
394,1.0935668,26.405201,L0,allaple,00b2fb35-ba50-417d-82f3-90b253452aee
395,28.366161,16.352085,L0,outbrowse,0ea12aa9-0fc3-4f3b-8b45-4755c09b59d7
396,-1.1560678,18.634638,L0,swisyn,5d99e6e4-50b6-4065-ad21-c66f9de0b333
397,5.6839747,30.50295,L0,browsefox,38ade5aa-e102-44aa-8a6b-db128f56302d
398,-9.6551895,-17.02304,L0,autokms,2fa11dee-3634-4767-93c2-5172fdfc9ba3
399,18.010847,-20.210812,L0,virlock,292b4737-fee3-4ba9-bff0-6f8f7d75472b
400,27.178253,-21.036253,L0,virlock,4fcfab35-f4d2-4a7e-9477-63d8e569b520
401,-4.885348,-7.9261646,L0,delfiles,2e066bdb-c016-4967-90c9-ffce06ae43d5
402,-7.399872,-8.757544,L2,upatre,7ec605c1-160c-4f33-9454-b434929a1414
403,17.152998,-16.966637,L0,virlock,7ac8aa6b-1542-461e-86a5-90d5239d516b
404,-15.226406,-20.566797,L0,loring,90efebfd-bde7-42a7-ada0-3f96a32b1b19
405,-25.11816,4.045292,L0,allaple,1fc18629-f52b-4d98-80f9-3f9dda7c318b
406,-24.688032,-9.304034,L0,allaple,084ad5f5-5967-4407-ae91-d33869ec9651
407,26.096642,-3.129212,L0,firseria,84caec06-055c-47bd-9f42-b2dedd215b97
408,-3.8650215,-13.615423,L0,virlock,83a5eecc-2c8b-4a1d-977a-bb9769ec91ca
409,6.130863,21.535494,L0,SINGLETON:8d22980946f4c8966d73b7cf31576f7d,410a9843-e366-4ba1-9073-a82848e5479a
410,2.8012967,29.017624,L0,allaple,123c9824-e9c5-42df-ac14-2b0fbf003003
411,7.119343,34.598858,L0,parite,1fa4dd03-6daa-4ca8-b6f8-13b366938a4b
412,-23.71146,2.1480188,L0,allaple,8de21275-4b84-4333-8234-3664b66d222b
413,-23.029213,-2.006005,L0,allaple,9bb4ae91-969d-4a6f-8e0a-6894f80c4af7
414,-27.542337,0.26811767,L0,allaple,19d77665-12da-484b-b52a-0d943788739d
415,5.2905726,28.164713,L0,allaple,6e7b8f22-80d4-457b-bdcc-626c55a344f3
416,-2.9179177,18.343466,L0,allaple,83e630cf-ad94-42db-ae57-26ce293b23ee
417,-19.163857,-9.888468,L0,virut,7cc7931c-5eeb-48e9-a02b-a1c3201417e5
418,-14.569791,-17.914867,L0,hotbar,1ecf0260-f431-4b37-a604-82c4fbb426f3
419,16.616703,-20.162409,L0,upatre,1ab83537-a22d-4965-b39c-81f83ef488dc
420,-15.493033,25.662062,L0,loadmoney,2f7c0d1b-be14-4c8c-b277-2c3c80a9e198
421,-20.728321,-12.361122,L0,wapomi,2ee559f4-6e1a-4eed-94cb-773c4c8b1520
422,-14.204559,-27.387035,L0,vobfus,237af267-68b8-4345-ae7d-f02a2a901c7c
423,27.866234,-19.478642,L0,multiplug,20e14a42-d166-41c7-9037-7bf4d17490ec
424,-0.010572387,28.810629,L0,allaple,07f83f58-7af7-415b-97d5-7a47910cc546
425,4.56217,17.572922,L0,perflogger,6bae7fb0-c684-4a4f-af89-462fafa9d25d
426,-20.40087,-21.421926,L0,browsefox,04575bd4-4a79-4923-a99f-9110679b8a55
427,14.818659,-22.356512,L0,mydoom,5bcdb4ff-c10f-47db-bb8b-74b0f579272d
428,4.9352417,-2.4059896,L0,SINGLETON:8a2c337f110a85462494a68414cc4500,32de4a05-5631-48df-80f8-08ca1690c030
429,6.2448697,16.648085,L0,wapomi,9b2b4774-68dd-407a-a78d-11538c902a72
430,25.938807,-5.0112314,L0,firseria,9b7781fe-a4c4-44b6-827a-e5810a18a73e
431,10.985898,33.20238,L0,allaple,75f2ccac-2ad6-47b2-9f5b-ffc064bfcfcb
432,6.5430655,10.507509,L0,fraudpack,076fe790-a8bb-4aef-8ff3-cf5907320437
433,-10.997557,-15.863819,L0,expiro,2cfc9e57-e8ec-4038-85da-633a10569060
434,-21.357325,-15.099756,L0,browsefox,760ec362-b900-4c98-aab0-4fdac95fa97b
435,-5.534797,26.438698,L0,upatre,68c38b17-cb84-438f-823c-5b64ceb93629
436,3.1614113,-26.242916,L0,cosmu,254a211f-8fe0-432b-9bce-1632de2f762f
437,7.73083,20.707323,L0,ibryte,0ff8f0ab-8c2d-4644-a7d4-9968c6546d48
438,18.537003,-31.364613,L0,sality,6e695b0a-66d5-4cf5-81db-e32996072e61
439,9.66538,-10.336283,L0,outbrowse,79f3d3d0-8513-4ab0-b3b7-f71473a2e5e5
440,26.589624,-2.2823794,L0,firseria,021bd047-a48a-4f12-ace3-526abb92e821
441,-27.556442,0.46749714,L0,SINGLETON:4ff8867ab5c66de61a48907a84eb2bf6,4dc176e4-a870-455b-9810-0027392cca63
442,-8.906366,30.877113,L0,qhost,06644919-cbc7-4c26-8296-b270902eb346
443,-24.879139,-19.53199,L0,allaple,53a9a6d8-92b8-4cd9-b2d9-e9498bb0f5c1
444,-4.6773524,31.658278,L0,SINGLETON:4cbeecb8c1d25b5d5092300dd5e77559,142b0d6e-74f5-4d64-8c93-3e977003bbbe
445,12.025315,-16.291626,L0,coinminer,34fec547-01e8-4a03-86fd-24e2269727a2
446,14.028043,-24.968971,L0,vilsel,17f24453-325a-4c20-87cb-7cf65975c8f3
447,16.87624,-2.0771317,L0,softpulse,77b5f157-b579-46ca-a597-1d46310e2fc3
448,4.104756,32.27163,L0,allaple,006c9ee5-e870-4050-ae8e-a2e900661749
449,-3.2300494,4.0929084,L0,sytro,90bfb625-bfa8-4712-aae8-a412e5958e74
450,-21.923037,-21.260195,L0,speedbit,005b1f25-6506-45dc-836b-8c6f3b113b81
451,28.389452,16.603228,L0,outbrowse,85e5f625-aef5-41f6-bdb3-5f58a59d9c1f
452,6.749022,25.589153,L0,allaple,311e1ed3-b848-469a-ba1a-7d98f6b69db5
453,-20.343489,-21.086727,L0,allaple,10ba22c8-bc0a-42d3-8ec6-95d3dff6f85f
454,6.545521,-20.186327,L0,writos,631df49e-9ea5-4736-9d6d-b029bbde138b
455,32.315773,-18.0076,L0,bladabindi,11f31dff-8f8b-4539-9d46-b80f12697146
456,-13.247048,-4.5445366,L0,SINGLETON:5ebd73b0b1b9bc757366166348230caa,7c0ce98d-4401-4b69-a750-022a31a8fcfb
457,-11.706889,-9.481648,L0,speedingupmypc,71a1ee09-9350-415e-9afb-b72d70d9d0bc
458,-13.836097,25.459986,L0,virlock,1f5afca9-081f-4106-a324-13bd933e0de8
459,31.714224,6.495254,L0,SINGLETON:09df0aee0b6b41f2c599ece61d9220a6,7cee1eb0-a043-477a-adb6-659e42c77546
460,27.398182,16.337774,L0,outbrowse,44de8ea8-56c4-4f20-a55a-da24ee5131db
461,-4.0380387,-25.579792,L0,neshta,07c6fa1f-ee10-4b09-bcef-8d6033eed23c
462,7.79461,28.536612,L0,pullupdate,07fdb2e4-d733-4d93-a34b-95060e575527
463,-1.445518,32.040768,L0,vburses,237dab29-f1b0-406e-a842-9e59202b4e78
464,18.140419,-18.675575,L0,bitman,371b2a17-3ede-4570-a935-f544adf5b484
465,3.168923,37.45154,L0,allaple,0105a50a-6f90-4666-89d6-968cfaff6b54
466,-18.149487,-23.5682,L0,dlhelper,8e78f31b-72ab-424c-aa76-c5a7224a70b9
467,28.715376,15.667007,L0,outbrowse,1dc9df2a-3051-45b4-a82d-37cb3458187e
468,-0.53636444,30.019499,L0,browsefox,094816cb-1703-42f8-a0ce-43a9c1092253
469,3.1549428,22.290348,L0,allaple,3e0d91e1-17d0-4286-be1e-4a1a73ebc3f1
470,9.233534,36.76316,L0,badur,76aaf9dd-4523-4238-b333-09fc0b9dbfb0
471,-0.051341474,34.158127,L0,upatre,7e3b95ab-2fef-4df1-b70d-867dc2cd5565
472,3.7918046,7.730267,L0,multiplug,606aae02-a7b3-4c7c-8823-b54234425fd6
473,26.680004,15.917388,L0,outbrowse,45aba79c-664a-4e4a-b22b-469d6bf13477
474,-15.446012,7.0947695,L0,installcore,6dbe75c2-729c-41f3-9c6a-218483d871ae
475,26.426176,-23.752138,L0,virlock,3fb8d47a-464c-47f5-a859-e24e5ae40134
476,-17.224094,-20.338953,L0,allaple,66bf8d52-25fb-4ab9-bfe6-aa32f6ac549b
477,-8.057335,18.267574,L0,allaple,36bbaffc-d69e-4a21-bb82-e6ad7c953533
478,-10.207187,-17.550991,L0,istartsurf,2c913719-d5e0-46b2-9e08-d9afcb81a232
479,25.745823,-23.85109,L0,virlock,59b7f427-6fbf-4147-bd2a-922101ac406a
480,-21.273418,-4.0756392,L0,ipamor,347c23bb-728c-4a2a-808c-1d8a774b8687
481,11.234918,-42.331856,L0,dinwod,5b62ec6d-5b3b-4500-b9f6-910462ef782c
482,-15.005698,-16.564816,L0,parite,101dad77-56bd-4948-b3cd-6219989fadf5
483,3.7256799,-5.9292765,L0,filetour,6e6f48f8-64cf-44d6-b61c-d0d67dbbcee8
484,16.354712,-5.47576,L0,softpulse,9c0c1b7b-6dd8-4696-8999-cc45a216f64a
485,-24.549952,-20.582293,L0,similagro,5f327f70-3c23-4135-8b3e-7b1bc82533d6
486,31.48682,-16.930185,L0,bladabindi,401e9632-7de4-4c0c-9587-3c7b3a4ed001
487,8.96787,-11.44911,L0,parite,6cb028cc-e9ea-40e1-8e9c-bcd79a5f5678
488,16.641537,-20.997915,L0,expiro,3eba4afc-f950-4483-8ba1-418f71852cfb
489,12.667918,-41.663536,L0,dinwod,381d13ba-9602-4adb-8d44-38e2d7c727e3
490,-4.1020565,5.9800005,L0,upatre,4ddd1274-c18b-4f7e-a3a8-81f815492829
491,-17.435804,8.571943,L0,multiplug,07738d67-7a07-4697-b208-bb8c37b624f2
492,7.1726394,30.691645,L0,allaple,462a638b-aa98-477d-8bbf-61d277cdb78f
493,17.616688,-32.415863,L0,sality,369d36e3-13bd-41a9-9612-7930e0e7000c
494,-8.586582,29.234056,L0,allaple,5ae028de-409d-477f-8c04-1d7db940f6af
495,7.429535,-6.749017,L0,shouqu,50bbe256-4db3-47f6-9827-6f53c9e25600
496,-5.540086,25.469385,L0,vittalia,60e6f0f9-378c-4336-9346-83f207378d24
497,-30.289948,-3.011985,L0,allaple,762f068d-63bd-416d-a7a3-6d988f44a9f7
498,2.8233354,-6.427552,L0,virut,7a405b2a-a4af-46ec-b9a4-0d54af7a8464
499,25.94782,-24.288,L0,virlock,611c2883-cbb6-4c83-9eb1-0cd64051169e
500,4.5992904,29.801876,L0,virut,10d5c15d-e6f2-4284-a8b4-94862e27cc32
501,-15.666701,-15.791748,L0,qqpass,06b45a22-20ce-4e06-b46d-be1def44db26
502,-3.1416686,-17.028389,L0,mira,3ed53435-cfe4-4b92-88f6-2f42209c7b3f
503,11.4172535,6.970143,L0,multiplug,067e923c-d3af-43e0-9dd9-41ee6e69c2c1
504,5.63295,38.167744,L0,allaple,556efdd1-7eed-4e8b-bb2b-6563339237bd
505,2.5397987,-12.537246,L0,multiplug,3c26f76a-f210-4c90-acc0-05b361271aae
506,-27.549482,2.2887516,L0,hotbar,2a326707-f44d-47ec-941d-e1ab0eb14ae4
507,26.54689,16.851202,L0,outbrowse,15c858f9-45bd-4905-8ad1-2f66152bbbcd
508,-2.2705057,-23.723915,L0,kovter,310a86d1-ea6b-4e7d-bb26-3923aed93752
509,-15.73081,-10.748268,L0,SINGLETON:141f3ba05a9520662a9fabb0626ba01a,54f5ca61-b562-40dc-9757-e789facfa7e6
510,28.842432,-20.121492,L0,virlock,211d3ff5-a410-4e6c-b1cb-94e779c89e0e
511,29.835459,4.135843,L0,vobfus,464ca5e0-704f-4209-a7fe-65a284b9e87c
512,14.420588,-26.296577,L0,parite,0ce1b4b6-178e-44e2-a620-968a00692e22
513,7.840703,29.655823,L0,allaple,073f6c0f-108a-4ce5-bf44-06739a0f7a6e
514,-1.8140388,-23.96176,L0,cosmu,9c4b0a72-4f17-4349-b7d8-44879ff9fd94
515,-8.869749,26.100727,L0,spammy,0157a54c-4b96-437b-9182-20b7f5321ca8
516,7.7133746,38.3108,L0,allaple,4c75af42-5fd0-4e00-82b4-a1a1f0f2f7c2
517,0.25166726,32.118683,L0,sality,5e718e08-ec39-4375-b5f8-68f7561566d5
518,9.752755,-10.763626,L0,installiq,3a989ca0-3927-46b3-9e13-333f59c5f625
519,1.6328467,26.632765,L0,allaple,0fcac841-83e6-42fc-ba67-6247fb09fc0f
520,13.503248,20.690975,L0,loring,696deafb-7901-4baf-99c8-be9175f31cd8
521,-29.396141,5.197139,L0,SINGLETON:c1097bfa3803b2892734c9d288434444,2fa05944-52d2-4c49-bf2e-03f5a652a592
522,0.5139218,22.367504,L0,upatre,35b28ff1-0419-4305-adf1-9298c73bbf27
523,13.4874325,-25.77625,L0,parite,3a0ad126-67ca-40d5-b32e-86076658d074
524,0.12427514,1.0062033,L0,sytro,3c138ea8-8813-4ad0-b10d-e6f1d3e9d1ef
525,7.256044,21.569584,L0,browsefox,0705cd29-3109-40e5-af1d-56d41e34f769
526,0.6901464,25.31023,L0,ibryte,7af1b2aa-866c-42d0-b61d-f8d75f12d4d3
527,19.099617,-20.814394,L0,virlock,55fd7457-82fd-4c6c-bce0-4c18027b4473
528,5.087543,21.15708,L0,virut,5f832a18-90a2-4123-8c94-187a3b22eb57
529,-22.651072,1.3316368,L0,klez,1a385058-1bb2-4273-915c-1588fb8a3758
530,17.703753,28.606646,L0,SINGLETON:e9e1528d397f5ef0513cf95826f61526,55b4884f-e80f-4292-aceb-5a75cc869004
531,31.833073,-18.617517,L0,SINGLETON:45038847adde9e7e07671a5a0c99977c,7a3a44cb-f987-4d23-81bc-1ef8f420ea4d
532,-3.8296223,4.1248145,L0,klez,8e49ef18-fadc-41ec-8b3d-343bf0263c69
533,-29.922373,-6.4991517,L0,virut,98c5d42b-41e7-4aaa-9246-94e5d0713612
534,25.297249,-6.136988,L0,firseria,96e201cd-963f-4496-8d94-6fd11ef6e115
535,-5.753829,23.2777,L0,softpulse,8e24c533-5df2-49c9-9e27-738aa96f7cfd
536,12.637821,5.160704,L0,multiplug,643a39bf-1acd-450a-bd30-458f81883d11
537,25.514656,-24.633892,L0,virlock,34b29da2-c0ac-476d-8980-f5fc8fd6e3a1
538,3.5287814,-26.54788,L0,cosmu,097608b0-b803-4a05-b722-1d29285901fa
539,5.157487,-27.496353,L0,spammy,0b0ed8d8-032e-4f97-9109-7771dba70dc0
540,-31.826122,-15.375035,L0,virut,587a684a-e1cb-47c3-8d10-fd5021b99d59
541,26.70798,-24.488092,L0,virlock,06a424e6-49b6-4e6f-b2ef-c36dc37d08f6
542,3.0233946,-19.041983,L0,domaiq,4afc52a0-ffba-4f54-8067-efe5aa34125f
543,-15.316627,-19.58277,L0,loring,68a12160-7286-401b-a1c1-bda9067af3b1
544,-19.751595,15.232773,L0,upatre,448a3adb-3c6f-47e4-b15e-12f7049f8901
545,-32.094173,-13.892869,L0,virut,579cf804-7f02-40f4-84f4-83dd657bf1f5
546,-14.648404,-39.310177,L0,virut,3cc944ed-9c92-4063-9cb7-18730d13598f
547,2.5378556,30.79154,L0,allaple,0f8c24d1-912d-4408-96ff-6990112b3b18
548,9.961271,12.537053,L0,multiplug,1ac8f33c-6855-4bdb-ac87-15adc519870b
549,15.072931,-21.80071,L0,mira,9a4e0474-be59-4906-85eb-05ded104ea76
550,-7.4444914,31.423765,L0,browsefox,148f1273-f073-4a93-be89-d95dd170050d
551,0.36722386,31.367727,L0,allaple,84ce2cb4-6bc8-4c98-8eea-812347cf6798
552,-7.096678,33.347218,L0,allaple,3fa706da-899f-4f72-a720-f1f91a422d91
553,5.0031424,-2.8219266,L0,icloader,3f778b76-be65-4d80-b408-55022e73ce95
554,6.0333433,17.155205,L0,SINGLETON:abca8b8f2a76fea91503857956368118,9de8795b-d6c7-4fd4-9449-e4969126ee12
555,-2.0745103,34.67048,L0,allaple,15ef5ca5-f8b8-406f-87fe-d6566f67e380
556,-13.515247,22.551504,L0,fraudpack,3ec36049-cbd0-40ab-8e32-bdb4808a7359
557,31.204514,6.5006485,L0,SINGLETON:25ae48238aff6c41508c165bb0023e94,2b6e4c92-7735-481e-a4bc-0add460c1ff9
558,-11.842975,26.20682,L0,expiro,014e8dec-d7f9-4d24-a403-44b1f4ebe377
559,16.557623,28.495634,L0,installcore,0b4d5f84-88eb-4552-a3df-3be99400408f
560,-27.706825,-4.1969905,L0,allaple,1f8c563f-8047-4fb8-9489-dfa2b830dcfc
561,-1.762313,34.285233,L0,allaple,29a7a8e2-5d84-4e36-bd52-37d85876b061
562,-17.812248,-19.422941,L0,virut,70e30223-e59f-4e65-adbd-ed105ee69680
563,-8.344576,27.573887,L0,multiplug,1cd4345b-d9ef-418f-8d77-c4414e36b76c
564,-15.420971,-7.1153336,L0,downloadguide,85be2f53-55b2-49f1-b118-ec3d987563db
565,5.7540083,18.841656,L0,icloader,89d763a4-6ab2-4045-bac9-d506cc3337f6
566,-18.371916,-11.732862,L0,allaple,67e9dedf-fffb-4706-b46c-8a576bc34a88
567,-3.7176974,-16.984325,L0,mira,0d14e603-e77c-4122-beb6-e7eac83845ee
568,18.59054,-33.306427,L0,sality,7b0bda07-caf8-4467-a528-e56edb80f201
569,3.9219325,-4.0289226,L0,installcore,097bf519-57a6-4216-a155-9065955b4d8a
570,-4.5162983,37.98365,L0,allaple,9d0a1f7b-d6c4-4ca1-8976-d92230b21d80
571,19.798811,-21.520653,L0,virlock,239c648f-6e28-4df0-9f24-d253a0771a62
572,-3.537388,3.2357168,L0,dapato,79ddae25-6dff-4227-8254-81c8ca19a080
573,-18.130278,-15.75055,L0,allaple,059674fa-1904-4614-8f1a-51f52b8c5ef0
574,8.8420105,-16.395107,L0,SINGLETON:8489121ecdc820ae8fcfd595bf9a312e,18d64ed9-abd4-4e16-8f20-886934e4069a
575,-9.681323,-22.63752,L0,installmonster,31c8c2a1-33b1-4de3-8275-5d58dedfcf29
576,-24.266478,-12.774697,L0,perion,4d65eca9-2379-4c53-a681-11f0db16a0b3
577,1.1815093,-2.3688357,L0,sytro,94c49cfb-35b6-4465-9c60-542c0d40b33e
578,3.9330835,35.8698,L0,browsefox,43ac8dd1-bf38-451c-9824-d33d598f7406
579,14.075088,-25.438936,L0,parite,10c570b3-2ead-4ac7-a28f-4ff36471e625
580,13.738485,19.651745,L0,parite,056f9899-c843-4d80-be40-e73a53028b50
581,18.1948,-14.909152,L0,zerber,63bc6760-f83b-4aa4-a6d4-6b7d7ba170ea
582,-4.519058,2.89656,L0,crossrider,60d1583a-a86c-4497-a877-b4d04d19dd89
583,-19.460953,-14.7434,L0,sality,29bd6466-5de3-4574-8376-8f870fa6d237
584,-4.3984795,-17.801472,L0,eorezo,2d91850e-e4f5-4837-a9ab-b99a06dc2e8e
585,16.492214,-16.225115,L0,inbox,6d729a54-7a26-4bf2-81f1-1aefb67b3c3a
586,3.7062747,25.798595,L0,mutabaha,9a3f2ed3-3aa0-48ca-8ed7-14f6740ace4b
587,4.3424563,7.340121,L0,multiplug,44d1a66b-d846-4388-b67e-89b241c4d1ee
588,11.992969,-42.428577,L0,dinwod,28f6b99d-2615-41b0-a578-819344a0c340
589,31.12367,5.608046,L0,softpulse,346a1125-9cfa-45dc-a2a2-e27d929ba91f
590,-21.422014,-20.403753,L0,allaple,401f64a0-22e5-4732-875a-09e5f97fb01c
591,-7.5440426,21.442644,L0,allaple,012ec224-b206-4362-8968-184790d323b0
592,16.573317,-20.855282,L0,pykspa,47dcbc7d-6ebb-4139-bf90-c0abe2633c7f
593,-12.16123,-35.334423,L0,parite,0a88f06b-c5ba-4d8e-ba8f-6af40233185f
594,15.100588,-32.29102,L0,sality,05c58374-f11e-454d-bdc9-76628f7970a8
595,-10.463454,23.479362,L0,palevo,14fe7968-bb4e-49bd-8509-828475d94122
596,-26.92472,6.2138247,L0,allaple,0e364af5-d337-4119-8fd8-f0561b4a7eb8
597,23.286247,18.991287,L0,outbrowse,0122fc48-be19-4cdf-923e-168ce5742565
598,9.570748,-9.519197,L0,ibryte,6f3f23b0-0b4c-4b8e-98a3-d820ae1c975e
599,-3.9599593,-26.394243,L0,neshta,6baa0d77-a30f-4d40-8d95-0cefecbc7300
600,-17.59617,-17.129107,L0,allaple,0e4870aa-885b-4318-8018-57db456ab7e4
601,-24.448828,-11.114646,L0,pennybee,16e0d3dd-d359-4721-a5c5-559d730c915a
602,7.5231385,-0.8516776,L0,shouqu,84ccc0b0-8682-47ec-8592-d9e6eff832ef
603,4.1826024,7.544698,L0,multiplug,54e21696-8858-4535-b917-b612de33726a
604,8.83467,29.792814,L0,SINGLETON:2b118a006397b9773208690345bd18ba,01071e7d-35ff-40ed-8eb6-3514156ed5d9
605,-25.073324,4.2246194,L0,airinstaller,38f71735-4fec-4ec7-8b26-750936742606
606,18.057463,28.783726,L0,installcore,8c7a2156-a57e-4c9b-9b9e-0cde759dfd2c
607,-12.594529,-39.455574,L0,multiplug,4bdfca53-513e-415a-8066-58088bd59c11
608,-22.580976,8.594791,L0,SINGLETON:5a19ed11211aed56425e06ead18b7106,3fa4d4c6-6193-4e79-9a23-c76d49736201
609,-13.897289,-17.129288,L0,allaple,3c5de9eb-b312-4b4c-823e-b24deb55dab3
610,-15.0261545,-40.903355,L0,sytro,25ffb100-c4e6-42ad-b280-8a7ae0d4341a
611,6.240707,37.552658,L0,allaple,2c3f863b-d87d-4a1c-a1f9-20ab0362e344
612,-27.271442,-2.2043128,L0,allaple,0a938830-0c98-4a7b-a3a1-c5e58c39278d
613,6.9665804,-6.0071883,L0,sytro,87e295ff-9443-42fe-98be-377ccb1e7428
614,6.271375,9.85839,L0,wapomi,4ac37efb-17d2-43cb-9089-f05ccf956363
615,12.250658,-41.411934,L0,dinwod,3f09f6a0-ec28-406c-b1d2-57dabf407ed6
616,-26.233786,-3.0667725,L0,icloader,64d0dec0-16c1-42aa-a708-198edbbbfef6
617,-1.05916,-23.581118,L0,ocna,8f2fbd4a-d6d5-43fa-8223-0e5adbf24411
618,8.020689,-3.4074042,L0,ramnit,757f4776-918a-4878-953f-a25d2fccfa95
619,0.5633569,25.560284,L0,virut,5e6e51b2-3bc4-415b-a2de-e864c0659c0b
620,-20.279243,-7.142429,L0,nsismod,6e2843e9-c580-463a-949f-16c9cdb0042e
621,3.4913619,33.619873,L0,allaple,5c28c4ad-217b-4253-b627-df876c0d51a3
622,5.6182456,-29.17733,L0,vobfus,84ca4049-77c6-4d7b-83c9-7e6bd74a85f0
623,4.47996,1.0959117,L0,eorezo,09b85bd8-d4ea-4d64-8363-facad113e7b4
624,-22.213917,-14.113254,L0,virut,65b7e48c-31c9-4f3b-9287-9e942f697450
625,-24.61488,-6.1268425,L0,SINGLETON:729fb52c37cb7bd3d300a1302136e18d,050fd40d-f023-495b-b1e4-9707fe375ab3
626,-11.139792,14.020133,L0,expressdownloader,260d48a8-0bf2-419d-bc74-e502b52b4b85
627,-19.784733,15.184205,L0,upatre,17e5c52c-18cf-4dd7-834a-bf28be08044f
628,-3.4101946,-3.8677263,L0,brappware,204b316f-0745-4a49-bcc9-65efe2cae4a2
629,9.960614,12.502991,L0,multiplug,52f8d67f-76cd-42bb-9547-02e20abcd224
630,-20.569504,-13.62424,L0,ipamor,4cc746ef-a70e-48df-a664-43a0b180a78e
631,-19.398521,-17.353672,L0,allaple,26b2ad8e-70fd-435c-a8dd-627db68f3e70
632,-5.4952536,4.6295333,L0,SINGLETON:fe52d5a36b60968ae7a26a2773434faf,4c9c2796-b0d3-46fd-817f-c001ff1a71de
633,7.196043,3.5164988,L0,softpulse,1fa821a2-c418-4877-95cc-fc4eae93f193
634,10.466704,33.744583,L0,allaple,9c7ab1c7-b5b9-407b-bd6b-32d1df573b2c
635,27.871244,-20.72675,L0,virlock,7e1e1a25-91e7-4c56-86b4-21dab5d5bf39
636,-23.076107,-3.9174907,L0,SINGLETON:45c0b406e9cf91a2954146d0ec642c96,2ea63ce0-8515-4670-b8e6-ec102a61866c
637,-14.18321,-39.31245,L0,klez,37d38471-2a69-465a-9028-2fb5b1a30f88
638,1.5492257,36.233738,L0,youxun,0b255de9-d807-4f95-8a44-d03378ec10cb
639,16.312393,-5.9328175,L0,softpulse,36a6eed0-41a8-468e-b1d2-0085b4285829
640,16.640787,-19.257647,L0,virlock,48ee3867-5e56-4465-84cd-6e99f660d1e0
641,-26.526514,1.9429991,L0,sality,68ff726f-2d51-4b84-ac1d-270cc328c642
642,22.38482,18.941242,L0,viking,052b3f77-906c-47e6-8831-3dcce959706a
643,-27.078184,-2.8497505,L0,wapomi,23e23607-484a-4b70-8d7d-a2f6d578f357
644,-27.21592,3.7013311,L0,zbot,88c0540c-889b-4c13-992b-c03e8e5cc20e
645,-3.989357,16.531727,L0,allaple,8eada161-3312-4077-90bd-21fd09e332f3
646,-23.652578,-6.356313,L0,allaple,02794117-672a-4bb8-b10b-c2e9c1ca6800
647,11.513344,-17.403933,L0,SINGLETON:b369d4b427fb90dbc4ced707a6c80dc1,2baedc11-117f-459d-915d-989f63a872dc
648,-28.433008,-8.541176,L0,webalta,0b943f2d-7512-47b3-a717-a1c8385177fa
649,7.6277223,-0.052419826,L0,sytro,630b56ca-9dd8-4b89-81e1-79ebaa8acbc7
650,-19.005005,-18.336481,L0,allaple,0f98b0b5-19b0-4346-8953-9f3af792acb8
651,6.392281,-2.4833233,L0,virut,36d0f9f6-96cf-4591-ba12-237c3434b79f
652,-8.042798,34.386234,L0,SINGLETON:2a787e6c58a48d9b55f52c7cc5c91bdf,77ab76fd-ae51-4c34-8097-b22f22a8610e
653,6.5346885,18.398853,L0,SINGLETON:ca4443d600dcba679f19b997edb02703,473e612b-61d4-44fe-aabf-c270efa8120c
654,-19.513641,0.010972113,L0,allaple,54eb6dfa-f76d-43dd-9a78-016e31615daa
655,-21.800522,-8.242969,L0,browsefox,38e894af-872c-4813-bf7b-68eab808bd62
656,-23.879148,-3.9650397,L0,aksula,4e262fe6-ca94-4a6a-8596-2a8c240fbcec
657,-13.876503,-13.481673,L0,dialupass,5b148fe2-5314-4285-acd9-31e8b6f86444
658,8.862617,0.3643182,L0,farfli,9a784a74-567a-40f6-9d66-ab6fabd9450e
659,29.080835,-22.247635,L0,virlock,0212d90d-8bc2-4d5d-81b7-f3b384264ff0
660,-16.267017,7.9318132,L0,multiplug,3de49da6-f5db-4745-bf23-8bd18993746c
661,-7.105264,17.990503,L0,SINGLETON:17a3307cdb395b06d058652815809f0c,61f6d60a-60aa-4919-b0c4-f030e9b4bd43
662,3.2584534,31.788977,L0,allaple,2f7c625e-fdb5-4214-84d8-6b7f3b1a2925
663,31.673893,-9.783277,L0,yakes,301c7763-7858-4c5b-a68f-7c6f441acc35
664,13.675501,21.250652,L0,poweliks,34e65474-cbbf-4009-8a1b-4a5a86a71f43
665,-25.672075,-2.5077484,L0,allaple,3c0cdb63-a040-42bf-a15a-b2be61fc5cd8
666,9.236741,-16.57896,L0,convertad,0c5ad33f-eb9c-4a74-9a5c-7a75813cb4e9
667,25.852427,-1.8474438,L0,firseria,0c30250e-7907-4832-9aa2-93fc6949c939
668,6.775875,0.68939155,L0,zegost,020c98be-b761-4ae5-b37b-cc951d51da0a
669,18.46817,-7.5723586,L0,softpulse,3eafedf2-9bd8-4b00-b90f-c820c026e5dc
670,8.626689,-24.851221,L0,swisyn,48f60fe9-d94f-4ba2-a9cc-82d597975827
671,9.498674,33.81275,L0,allaple,83f41e79-23ca-4f3a-8b58-6da5b8197a1d
672,19.78663,-17.303316,L0,qqpass,88fa0578-0425-4d38-8cbf-17293f7e006f
673,-3.1149473,35.995876,L0,allaple,1e3f6385-1287-47a8-a70a-0211add6d08b
674,23.913292,19.225164,L0,outbrowse,8a98a1f6-760f-4354-8af5-e35c74158b96
675,-1.4582665,0.3478446,L0,browsefox,7d52f7ab-1d17-48ec-9c39-1836beb7a39e
676,-0.48632228,27.379583,L0,browsefox,06b9f40a-a420-4ea4-99ce-c1b9e003ae54
677,6.3703337,10.157303,L0,vobfus,573d9fc2-768f-4b03-a164-bba486492297
678,-14.869485,-39.982903,L0,klez,7aeba535-d72a-4d0f-94b8-9d1dfcfda649
679,12.753946,-42.27788,L0,dinwod,07825a34-d1ce-408e-bd49-c54e46268808
680,2.0141957,20.642654,L0,zusy,8e08719a-699d-4374-99ee-28fbe5582053
681,5.550637,-6.3164096,L0,loadmoney,233a25f8-d813-49aa-9de7-6f485542154a
682,-3.615373,34.59057,L0,virut,1f022106-5bf8-4ee1-9342-c54bc62eaf00
683,-15.598842,-19.414282,L0,virut,6ac5dc84-7c24-4aa3-b08d-f9cb9d1f0988
684,-30.467438,-3.545928,L0,virut,7cece227-37d5-411d-9c1e-c12b44bd7e35
685,-26.996922,5.407787,L0,virut,03f5d8ef-9662-4dcc-8dd2-1d6072e90ba6
686,-0.48729226,1.1539202,L0,sytro,26f7d1d1-80f8-4c00-b252-9db01ef5551f
687,28.309853,-22.460035,L0,virlock,91fac264-5f76-4e3b-bf01-3a649e40c356
688,-30.046118,-5.248822,L0,techsnab,98dc1d34-d7f9-41b0-850c-e0616de3729b
689,10.862689,5.5503817,L0,multiplug,0efa1454-95bc-4595-8464-728602630821
690,-21.384327,-14.537933,L0,allaple,4d1b2f0d-e1bc-4e74-bf1c-53812c3b9b51
691,16.710773,-31.864294,L0,sality,32bae90b-9562-4083-9a86-f02d2d0d4eb2
692,-22.617865,-5.1800117,L0,chir,14f40bf0-648d-49c4-ab3d-07cb5de60c89
693,-9.410921,28.303802,L0,dealply,0c420b39-7456-4bdc-944d-3fa5f73feaa3
694,-0.5253907,-16.952232,L0,fsysna,55ecb0a4-1180-43c9-9d01-566eae4cddfc
695,-6.093418,31.630442,L0,amonetize,0a92afd5-8a59-4111-8c22-ebcc22de6096
696,15.493748,-12.051913,L0,expiro,22a23a41-9332-4222-aaf7-4d3fedc06427
697,-6.3946867,-20.610014,L0,delf,13bdbb05-ae8f-4294-b73d-430b3fd8bf32
698,-16.086428,-20.538862,L0,ircbot,8cb376fe-1fc3-4beb-a28a-438029be6633
699,-23.73453,-8.1911125,L0,allaple,1de13d76-cd5f-4bfb-bf8a-96911728dbde
700,-15.904296,-4.3729854,L0,allaple,33a82c4a-c314-4b56-9e2d-8f4fdbf3e337
701,11.542049,-22.06483,L0,lamer,66bb1d4a-cb84-491a-8a06-0c609047f7d5
702,-19.191055,-15.028295,L0,sality,352a87ea-b981-4930-8bdb-1242daa94824
703,-4.991653,-13.51885,L0,inbox,40afa3a2-b723-40c0-8423-be6608f746c9
704,-12.295378,-4.700951,L0,SINGLETON:83589ff0fec44db5749c7bb5be309415,1b105a22-d0c0-4182-a2a7-fe6206664441
705,-15.047775,7.3919764,L0,installcore,6ca664fc-2ced-48af-9523-82f2375bc9b7
706,8.594047,-3.7296052,L0,softpulse,92a3bf02-80a6-417e-b74a-38a84af08f1a
707,-3.8775911,22.43044,L0,vtflooder,2bd7687c-6281-403a-a256-dbad90eefbb4
708,-15.854934,-41.221367,L0,scar,1d79f813-2038-44dc-95a5-f28534115586
709,1.6280202,35.602776,L0,SINGLETON:2052bb0c267e205dc0c32a775e71e68b,0700665c-caca-4711-9837-56e639c940c0
710,10.709708,-41.551823,L0,dinwod,8b461469-f4a4-44df-901a-8f64d39c6888
711,24.26011,8.629538,L0,ibryte,380b4506-ff70-4399-be7c-b200d5eac1e6
712,-14.546097,-40.283047,L0,klez,6aa701e7-daf2-45ee-8dd5-551666e06f90
713,10.3155155,-10.602917,L0,crossrider,4c581e36-23fb-4f09-b2a7-993fd1f8f03b
714,-25.03439,-8.860784,L0,virut,032774e0-4618-4b2b-9326-ab666c4bbe6b
715,-16.209068,-13.958839,L0,ircbot,0e10b9c8-d1e2-47e9-80d6-dc781ea21f5c
716,10.703449,-5.787502,L0,loadmoney,35a294e0-1d78-4e06-94ed-7b232ba13c19
717,2.3631892,28.10728,L0,ircbot,42c3366a-000a-48e7-84be-de07d9f1838d
718,-1.5524911,36.054554,L0,allaple,196a5f9c-cdfe-4aa5-a7bb-645d286b2bab
719,17.847174,-8.150131,L0,softpulse,679c41c6-0d74-461b-81a0-21a6b23d285d
720,22.925058,-16.42254,L0,kelihos,158ef7f1-dec3-444e-b68c-b114595ce536
721,32.146595,-18.156683,L0,bladabindi,28ca17a6-9e1f-44de-90e8-f35ed5cdc0a9
722,-8.836309,24.122595,L0,SINGLETON:66b2ced77dbb7e10743ac5b0907078e9,8c128391-228e-4f91-9c66-8a7c09b6d57c
723,4.1348042,-0.42886236,L0,SINGLETON:f99206f345a65bd70aa745185a244f2c,1b0ba00e-e6bf-42de-8b1d-8f83875d3499
724,8.55764,28.386293,L0,virut,38a3b4f6-1f4a-4196-80a7-de19ee23c978
725,-3.6179128,34.28896,L0,allaple,21a0f585-df31-4ded-8080-b8a0621085b9
726,11.689825,-41.12083,L0,dinwod,86b55078-8681-4ade-bde6-09350c30f295
727,-14.992574,7.465989,L0,installcore,94de15b5-6bd3-43ac-9877-2cfe18f59d15
728,1.531539,21.69775,L0,virut,68b02991-ac6f-45ca-a5e9-909ebc389959
729,-7.426623,26.23175,L0,virut,05bf429d-1600-4e7d-99cf-83e2d067cd69
730,-0.32398883,25.74134,L0,outbrowse,5f017055-ade7-4494-8ab4-f7ab69495265
731,-13.513141,-3.0007515,L0,allaple,7beaf608-0d17-4c46-a8d0-11591b28aed4
732,2.2557967,1.5122634,L0,SINGLETON:59b5c45156bc887d031138442b55d154,9c075c99-b888-4756-94e9-9bcfd16b370a
733,-18.919262,2.2766378,L0,allaple,1d0682d7-74d3-4435-a58c-bfa6cc423272
734,-13.698859,-12.816982,L0,allaple,7e0fe385-6b68-49f6-a485-54b869f1fae8
735,17.871273,27.985754,L0,installcore,8f45aa6f-c3f8-4fd0-9887-6ce6722f3883
736,2.8843918,-24.58768,L0,wabot,086e8791-d552-44c0-8427-6f25403a3f2c
737,-6.5442924,17.98079,L0,hpdefender,697a8ce9-d6b3-4b75-ba6d-e8c072ea4742
738,6.37314,-20.591097,L0,zbot,8b38e9da-08e9-4b9b-9fd5-482db9962d33
739,-9.361069,28.649601,L0,allaple,3b15dbe6-81ce-443f-bd48-c2979a28a988
740,8.355367,-0.12506561,L0,outbrowse,6f60de6f-a0ea-45d8-a498-2ad919cb2551
741,16.957853,-6.1779613,L0,softpulse,7b4a2d05-5868-4d06-a2b9-cab004827727
742,-0.21705915,-20.231176,L0,SINGLETON:7636b125df8c34b2b98ebb159a40e9c3,009b6549-624b-426b-89d3-caaa7a7640ff
743,14.093331,-24.324389,L0,vilsel,560d1819-aa66-460b-926c-c3d42fb2bc1c
744,-24.160398,-5.1985545,L0,allaple,2d7ca401-1a58-412c-8043-873b1995f327
745,-0.41806722,36.722282,L0,SINGLETON:ddbbe0b7ebac4f96757172c596eb4690,9b165282-798c-44b3-986f-c7add9de6700
746,10.2273035,-22.338633,L0,msilperseus,2faca520-872d-4697-b124-479c500cbf2c
747,5.648474,-29.375128,L0,vobfus,89f238c2-7d13-4606-a11e-40a6bb436dff
748,-5.9094124,19.89968,L0,picsys,8cd7aa1e-0c6c-4014-b8cb-86377ce24ade
749,32.308887,6.4182453,L0,installcore,92b9f674-6605-4090-8227-d8b98cf6b7da
750,-30.115992,-2.764143,L0,addrop,320da136-e35c-4bc2-bb37-b46ad9dc246f
751,-4.567655,31.319254,L0,browsefox,5fef943e-0928-42a8-a5e3-27d40aa6e41f
752,-3.817689,-25.723955,L0,neshta,6be706f8-d414-47de-8ed2-90850afa1e33
753,-11.98167,27.722492,L0,imali,3cf40c98-2213-4ae3-9e01-0833ab7adaef
754,-16.26025,-19.770418,L0,SINGLETON:9ba115739cb46519ce7f696c1cdb05d6,84ae367d-c8a6-4faf-825e-bc69080a4abb
755,1.1389478,29.987545,L0,allaple,230cc148-150a-42e4-a9b6-a8eba99d0331
756,-32.097797,-13.8208,L0,virut,019ff43b-cddd-4c8e-890d-4767f0d1f5bb
757,-25.19271,-17.924856,L0,parite,0dda89a4-22ea-46bc-b9d2-a5a16e1c966c
758,9.447494,23.305506,L0,sadenav,0dd240c3-1544-42d9-bb13-f6b532b2d32f
759,13.058792,-17.411058,L0,autoit,556ab20b-1ea7-4136-9003-32b72a702c52
760,5.0223813,39.341328,L0,installmonster,90d5388b-ae15-4340-bb03-1c8bccd59063
761,11.231919,-22.045172,L0,lamer,6fdda756-c961-4487-91c3-0c2597003f63
762,2.9961424,-19.03313,L0,domaiq,12e9ca56-057b-4b16-8720-69827bc8d677
763,-4.3308167,17.66721,L0,parite,57ca3a0a-0b43-4004-afc6-8736fcc7a412
764,-22.867653,-10.455304,L0,allaple,02a64e97-0eac-423d-ad9f-91059b10caa9
765,15.721097,-6.243266,L0,softpulse,0044e6fa-c58d-499b-93a8-be67e3cdd8a4
766,27.442245,-24.062693,L0,virlock,3bb6803e-99aa-461d-aa08-3819c3aff9ed
767,-5.227159,29.473997,L0,parite,8b0f22ef-3502-4af4-99ac-fcbfa32f3d2d
768,-17.863142,-13.315389,L0,simbot,277c5ad2-e12f-4c92-aa68-e88bf3d9041e
769,13.410365,21.285969,L0,picsys,85fdf2ee-1b2a-4806-b4aa-fc696e9f2a02
770,-2.9780085,0.050554045,L0,vtflooder,04eb3f4c-177d-44ab-a62b-d7428db62c3b
771,7.213715,34.31683,L0,allaple,306d0fd1-e005-408c-b366-304a847c73e9
772,0.22275764,35.267162,L0,allaple,346bcd4e-3652-485d-bbe4-315c459a3c76
773,4.113921,0.7937521,L0,sytro,081ca2df-0e3d-492e-8189-5fa402b7a782
774,21.570332,-12.95172,L1,expiro,4deae0c5-3ee6-4e39-9ca1-08822051594d
775,23.000847,-25.187952,L0,virlock,1d7f27a5-5d33-42b9-8c2f-a0cb9ada6638
776,-23.405895,-5.3790383,L0,wapomi,2ba22d1d-b473-4e2a-8449-62466455b644
777,-28.954508,-1.4173696,L0,browsefox,0fb5f18d-210a-4d39-bf19-f7341eb6c66a
778,1.6806167,24.11834,L0,NO_LABEL,0b3cc109-5197-43de-a5f4-84e3a809ad4e
779,-4.3701262,29.945889,L0,klez,98defe05-2892-4903-b812-ababf2d0bf94
780,-20.387318,-9.74732,L0,allaple,6b39885b-9afa-4f92-9bee-ad87b4e645d4
781,-2.4448843,-17.294971,L0,mira,669a3f91-4183-4814-bf12-2282de133597
782,-4.301345,19.395617,L0,allaple,68da8b5d-cbeb-49fe-bf3b-ad08a9076b71
783,-4.4364614,27.39448,L0,agentb,9c697905-e168-4d3f-b407-edbb63f51a8b
784,5.308138,-3.939126,L0,xorala,2c84b2fe-a89f-41e7-930a-ca2fe1d4d455
785,14.408468,-25.900114,L0,parite,0f0f42e8-d1bc-4c27-b927-5201d56d7b2a
786,9.96575,12.466633,L0,multiplug,497e6c4f-68b4-453e-bfc5-21d89999a5c1
787,-18.84175,2.3180583,L0,virut,03916029-54f8-47f6-928a-006f3e173cbd
788,7.662161,24.724344,L0,allaple,09b079e8-a8c0-40b8-a362-c4a59dc1415b
789,1.0827657,13.052255,L0,SINGLETON:02d12f11e36bf82661a20261c92795f2,8b4bbd65-99c5-481e-a5b6-eca7654ee7ed
790,17.471994,-20.47378,L0,virlock,27bbc75b-3e5a-47be-918b-fef1cd8adac2
791,7.8489428,35.134182,L0,allaple,22f7a529-54b6-4f1c-9c35-8876e0f39ab2
792,-6.372297,-16.893942,L0,softpulse,4b87bfa6-79d6-4379-bc27-715742577aa1
793,-15.502318,-25.848007,L0,blanajog,01bbee2f-bd89-404c-8850-1ee08ecfa28e
794,16.677485,-31.809093,L0,sality,3a8a1299-d879-4b2b-8308-d46aac457bd1
795,-10.854102,29.336605,L0,browsefox,99f0fba3-dd22-47fd-9716-d858c17a348e
796,-2.3007407,30.643017,L0,allaple,69f717ea-1a81-4f8c-8465-d41218213489
797,6.401091,21.154642,L0,virut,472bbd04-962d-49fe-87c0-96f6f99a54a0
798,24.304487,19.947187,L0,SINGLETON:985fd8f88008694357b8057da4dfc5c4,61edbad2-882f-467c-bebe-224b7e1db36f
799,3.7229297,-26.775116,L0,cosmu,2daf6de5-3e60-419e-b1ae-f4cb7596b864
800,-22.811632,-6.760467,L0,virut,2e634f04-75a3-4706-aa7a-2f3f94f8f0ce
801,18.367077,-20.308428,L0,virlock,322ab03d-fc3c-451e-80c0-5ca8275a2e4a
802,2.5722525,-32.583515,L0,vobfus,0a5aae12-912d-4fd1-8e22-72ec3bd0f7fe
803,-2.1735885,-16.227423,L0,mira,72dcc367-ec68-4e7f-a22a-de1c381433fe
804,7.389176,-6.151123,L0,ibryte,8eb26a81-ea61-4416-ab2e-e3f02267190b
805,-15.259829,-1.5444286,L0,virut,6c9a769d-1a6b-42a2-9848-35fdc3aeebac
806,8.622638,-24.85916,L0,swisyn,408cc648-af23-47d3-8db4-5cbf2b756a20
807,-16.68235,-20.64037,L0,browsefox,717dbcf5-a259-4e3e-bfa2-569985ccf469
808,7.6046414,32.383408,L0,allaple,217fb024-c0ea-40f8-8472-807c7236a1ef
809,-17.876656,-17.95551,L0,allaple,264d9665-dc96-4d57-b5f7-ab40f507083f
810,28.867779,16.8805,L0,outbrowse,40cb7e7a-e988-4a96-ace0-2f585a309869
811,30.79432,7.2922277,L0,installcore,04711bf5-ae0c-4675-b637-749bea7695d6
812,14.323668,-26.892788,L0,parite,1bf01923-5a84-41b6-ba7b-88dce3b42542
813,-16.96487,25.103487,L0,simbot,49d261ef-a9ab-4dba-9069-6bb8eebe7b58
814,13.892749,-19.360447,L0,virlock,3ffa2ea6-9370-4891-a227-35e32843a1f8
815,-23.925959,-7.525347,L0,loadmoney,0f19d870-4d9a-4ca5-aadc-6eea39e0bdec
816,-26.822645,-6.318222,L0,allaple,45c69ffc-7f44-43eb-bd3f-a7047f76910b
817,12.834902,5.209798,L0,multiplug,8ebd2a3f-21ea-4b51-91ae-b39079c8d50a
818,-0.7541158,30.92327,L0,wapomi,3e7806e6-749e-45f9-be7c-9ad7a6acf0b5
819,19.159613,-21.649765,L0,virlock,4ae815fe-14cd-44ef-b501-0e43cc50a519
820,3.3874233,-2.1927278,L0,virut,302c723e-ca9f-4e3e-b63a-4963008df398
821,28.274189,-22.042763,L0,virlock,1a8bd333-0b33-4ff9-8dfe-c4e33bd2ca52
822,26.19234,-30.34317,L0,shiz,0c539bc1-8441-4df7-af08-ee606a75e958
823,-15.89573,-0.8386824,L0,SINGLETON:c7a3c3fed738211b2a9e8357e908234d,606e5102-78f3-4f6c-9f4f-2fb83c656ebd
824,4.048811,19.396927,L0,vtflooder,88c03a57-78ce-4c9f-a632-eccc6a8c4f71
825,13.451106,21.966175,L0,expiro,236b7e26-8ab7-4494-9b48-15d3f17d6f74
826,16.96901,-1.8286246,L0,softpulse,281e1a2e-fef4-4f4a-ac2f-1bcb6711c521
827,-13.987952,-39.84512,L0,sytro,9a63d878-384a-4908-a7f3-6c5f3b38232e
828,28.418829,16.737137,L0,outbrowse,5a709b72-0e28-43f6-98c2-0fdf33d6d368
829,18.58465,-20.889698,L0,virlock,24c2ecd2-107c-418d-9cf3-1078e4b04e24
830,-10.68715,14.559873,L0,expressdownloader,7a1fcf17-61de-4ad7-95b0-bd3ad703f74f
831,11.711169,-21.957178,L0,lamer,82ffdebe-e69f-4d46-a401-958957ce0f4d
832,-9.760819,-12.568048,L0,softcnapp,15af1074-6cce-4a5d-ab8d-2c3c1ddf24f2
833,-2.6853464,18.85864,L0,SINGLETON:8e801bae29eaa96a82868a769558a2da,90d46894-fa4b-40c1-98ef-8d337e1c6fdc
834,-11.363447,31.58069,L0,SINGLETON:48721a67f56deb7476cb8b281093a9a9,78ee327a-ded8-4520-927f-fda5de9fdb9f
835,4.973009,-7.229363,L0,shouqu,1a959630-6486-4bf4-b08d-9b0defe119b9
836,-0.76628435,23.251945,L0,ipamor,2e3b5188-d7ef-47fc-a6fb-744ab7949e4b
837,5.277053,33.459435,L0,allaple,57d78ed9-8b43-4b0c-a972-f0a7b4322829
838,27.898266,14.8197565,L0,outbrowse,6de739f6-1f0d-4788-b415-e47dbc832473
839,19.37768,3.4886723,L0,yuner,04a0b4c3-4bf1-42ca-a875-24d97d73d097
840,6.5741334,-10.514271,L0,virut,9b6bd58c-cf4a-49e0-80f9-2a51d21d9f08
841,6.970101,-8.189096,L0,multiplug,1dcaa0d0-d7ef-488b-b433-67426aeae636
842,24.31435,20.584154,L0,softonic,619b85ac-817f-46c7-8ae4-7bf83256f93f
843,17.641378,10.248438,L0,virut,5a6678b7-3b4f-49af-9866-6a226c7101c1
844,22.413528,-24.26365,L0,virlock,8fe1c8a1-548f-4db8-84c3-cea09b28e4c4
845,-14.059503,29.180822,L0,allaple,0fb8f1eb-6f01-4b80-ada5-6914c8c94138
846,15.240334,-17.66992,L0,SINGLETON:f68e689a86d4fd49a14a6129fd5f16d1,63e32f23-1126-4ca3-bbba-12af875afef6
847,-21.625027,-18.278593,L0,wuji,96b569bc-144c-4940-870d-c441fa515d7b
848,5.7580814,-28.663034,L0,vobfus,1abed049-deb9-4a32-870f-15cb2942e608
849,31.93705,8.071265,L0,unruy,58d85207-3ebe-4c22-a30b-610b85bbf553
850,-21.09505,-16.322586,L0,virut,94f2ace8-19d3-46f3-9c64-ec34467494d3
851,-17.45803,8.5866585,L0,multiplug,5c004544-7f48-47ec-9389-259687b84a01
852,-20.714405,-6.443976,L0,SINGLETON:3b254bf2ae09165e181e9dbd2e5286aa,7caa4922-7993-45eb-8f51-78246b3f7120
853,-3.1696632,28.35364,L0,browsefox,7effb46a-4dc2-493b-a326-1bfab0493902
854,26.49659,-2.2153294,L0,firseria,11f9e274-2ab7-4b2a-a246-ec01076ae039
855,-7.2064285,9.027629,L0,benjamin,9f0798b6-4d0b-4a45-9cb2-f56825aad4da
856,-12.74789,31.719955,L0,vobfus,2f6ccaa3-0d0b-4cee-952b-f5fc17fd4fb2
857,13.935686,-4.6793656,L0,softpulse,3e71b736-3e5d-4e03-9dd4-89bc548a290c
858,4.1197023,-28.586872,L0,cosmu,28dcc129-15b2-403f-8e1d-18cf5051e843
859,10.745681,-42.766777,L0,dinwod,4a1b3ae3-971d-42ec-a5f9-efbe17efe55b
860,-71.877846,-83.743286,L0,banbra,13c0c2fa-dd76-49a5-9bee-41c70d352cb6
861,-20.991238,-10.598044,L0,allaple,4ce1b93e-ac09-4586-8b95-afd49a4ec477
862,-2.696905,33.281773,L0,allaple,6c16a5de-32e0-4bb4-8d0f-2b64a2291bef
863,8.801732,-10.344318,L0,SINGLETON:7e212273d550889f1b4310913e2faa83,19f759a8-12c2-41de-b6ac-15ddae9e8a3d
864,11.585661,0.39582822,L0,virut,48e544be-5055-4e74-bdbb-cd7d07cf908b
865,1.3542877,29.311031,L0,allaple,35d83114-8f91-4260-a38d-a6e8a7ee13ca
866,-15.470817,25.989408,L0,allaple,494e518f-5b1d-47ac-8e3d-9d10faeac975
867,-25.456665,0.5468693,L0,pemalform,8a7ebe0b-383d-4904-9b7b-01d65e43b347
868,-5.379676,-13.267622,L0,mira,1e734b94-9db8-448e-b44d-bc309bee479f
869,0.20417419,33.2284,L0,browsefox,8f8172d2-c585-4b41-b9fd-5d266a6eff39
870,-26.081549,14.655618,L0,regrun,24de8b79-1774-454d-8a6c-d2c5dcec69d7
871,-6.736866,24.939392,L0,SINGLETON:c64c3505a1ee7ef85eaaf5a1f6e6b3ff,6a8c7301-38c7-450d-8ab7-3d010a03a93e
872,10.068527,-3.3784058,L0,loadmoney,60fc5381-f929-4698-92ec-3c05e6d38cac
873,2.934507,37.121986,L0,allaple,2c059cea-a2bb-4fa3-a263-0121e36fab0a
874,-2.5253706,29.332525,L0,gepys,7a74ca71-7b63-4904-896d-c37369674fde
875,11.220435,-41.719357,L0,dinwod,80ad6f9d-66e5-44ca-8a33-b94b5050742f
876,-0.43316588,-2.038537,L0,allaple,358be43a-2e8f-40c6-9636-268dacbd4206
877,28.483469,-25.646544,L0,virlock,7d6d1e44-9dac-4f42-b93c-aeeb7fd18594
878,24.322422,8.506536,L0,firseria,7eccd272-8b6e-43af-9620-cfd3dc40eb2d
879,6.0825977,-28.75315,L0,vobfus,0659c204-36bb-45dd-9fcd-22eff96bde73
880,28.537773,-25.717216,L0,virlock,8ea36fc3-d8e9-4bf6-9e34-7f942de97269
881,1.0949091,-2.4704452,L0,upatre,9bdff439-2cd5-41e4-b293-0cc6c38ccc0a
882,-12.222368,2.3934855,L0,downloadadmin,6e6826de-43ae-4d00-8628-10ede7137cf6
883,-24.668179,-17.519463,L0,banload,2b6aa6e8-9ebc-4223-bc40-b95e6f3fa6af
884,4.4780316,14.282439,L0,softpulse,7c8bfa77-a13e-415c-a0e5-3e9b20d1c6af
885,-9.064057,-28.765331,L0,ramnit,7bdf3fc0-ad5c-486a-bc5f-e967e786caa5
886,6.8006096,29.586264,L0,virut,39b7ae32-9047-41da-8821-95230340e451
887,-15.72309,-10.694101,L0,SINGLETON:14c521f5cdc3111d28e53118cfb3ffcb,8caf317d-dba3-43aa-8098-89729a77c507
888,-22.770185,-8.343581,L0,installcore,3cb7a3f0-f61b-405a-aeef-6d81bdcbcc0f
889,-25.19849,-11.398039,L0,SINGLETON:f64f20a98f4287ba660a78e6172bf4bf,3cc95ada-944e-443d-992c-dbab30571741
890,-9.74194,4.9370494,L0,SINGLETON:56c0b04a82754166b7a136b95e35188f,3bc7bc33-4060-4472-9f3c-d16d277ea443
891,-22.575296,8.602572,L0,virut,04dee2a1-0b3b-4493-94cf-5fd707c0aca4
892,-17.815712,-18.904627,L0,virut,50f60e66-1587-4de2-89f2-b43b0e0603c3
893,2.6490808,18.30575,L0,SINGLETON:99308cc2954523e85c09bad6d4637af2,8a166ddc-a6ba-4953-bd5c-b172b4902459
894,3.125116,0.02070485,L0,fasong,31e66585-3f6c-4372-894d-b8959ab25cd4
895,24.379427,-2.428022,L0,darkkomet,05405f74-1361-4218-9c16-58058525915d
896,-7.3240376,37.37695,L0,allaple,238e6f68-c9d3-41a0-a92e-a2d9f20f7f3f
897,-10.455912,26.287617,L0,pemalform,1c5061d3-2880-40a5-be07-b66f78f7d5b8
898,13.623583,-17.94389,L0,shodi,94bcd0f4-5012-4a90-88cc-10b0191d680f
899,4.5280566,19.320757,L0,badur,7d28950d-e6d7-458f-8c80-f359d70396e8
900,10.485853,-42.131832,L0,dinwod,8ea2aab6-4935-48b9-9b9d-4e4939558f5d
901,0.47382855,22.80828,L0,gepys,574f158f-b442-465c-a92e-289a0784c791
902,9.07265,-8.383377,L0,multiplug,5cce60bd-e23d-4bb4-936d-080000c54ce2
903,18.159895,-3.931078,L0,softpulse,318a6784-b47a-4cb8-92ea-7c92ee12582b
904,2.850827,-10.220645,L0,multiplug,7bd6f461-e835-49b5-a2a2-6e40f246528c
905,3.906452,6.6367393,L0,multiplug,193c8411-95ac-4d94-bd92-b6dcab13147a
906,-20.328981,-20.180328,L0,virut,49a67e66-2aa8-4d84-9f70-e505762c0ea2
907,11.146134,-22.089466,L0,lamer,35e6c23f-f8fc-4f53-99e5-6a18ad04300f
908,-2.5599034,22.181028,L0,downloadassistant,9f31f1e3-9ad2-4fe6-bd6c-35485093a3f7
909,-20.259401,-8.804416,L0,allaple,5e9a8965-eb6f-4579-8895-99e8169edad6
910,-10.208834,-18.190119,L0,ipamor,05db029e-c148-45f5-bcb1-9b8163016a8e
911,-1.1117202,23.294338,L0,loadmoney,468aca4b-4820-4da5-9e99-7e1f5c27174c
912,27.030365,-22.649357,L0,virlock,531fc592-4119-41ea-8043-7c89dab76a96
913,-19.767733,15.184939,L0,upatre,68b3b0e9-1e27-420d-b0c2-5f1fce950ce0
914,-17.726864,-15.481948,L0,SINGLETON:b9f01e2ff43e9a842af38509b5dafc2f,0a332b15-3e1a-4660-b185-5c47e98d5015
915,-28.049953,-4.648455,L0,virut,4e8859fe-47de-4975-9dda-e5005004a896
916,31.71702,-18.214529,L0,SINGLETON:0a6b93754fcc16d500c22ca11868b587,6ba8d39c-54b7-4994-bad3-829987ff7179
917,-25.26539,-17.840765,L0,allaple,1a317d17-ceb3-4da1-943b-e3a4240a0e4b
918,28.088423,15.489712,L0,outbrowse,11e6b62c-6daa-4824-932d-b78e9d8bc4b9
919,4.615074,28.057785,L0,allaple,6c168778-a3d4-4859-be6a-eb4cee63c9a8
920,15.1909,-15.789554,L0,airinstaller,3e639921-c95e-4124-8644-f8854f3ad1af
921,12.030184,-43.25667,L0,dinwod,196b69b2-5020-4fe4-a998-b8ef848bc7a9
922,4.3240933,30.969622,L0,browsefox,12cbc77a-c859-4064-911e-a882b3b1c617
923,9.822743,32.919586,L0,allaple,494c5e75-fd76-4770-9ca2-900574106f8b
924,-0.98791707,29.925232,L0,SINGLETON:cb306cad877306f698bc0fedbe8ce120,4b058732-4503-4959-b7ed-943264c6e860
925,7.1415606,-18.904572,L0,zbot,3f3d2ed4-53f4-4c08-adeb-f938cd0bcf65
926,-15.534086,24.454304,L0,allaple,9bd4c61c-880e-43f6-aa98-760cb5dd3211
927,-25.348618,-1.8904462,L0,outbrowse,5eaad155-b46f-42a2-adc8-2e2584f026b2
928,-21.688202,-3.64961,L0,virut,346fb9d0-ee7f-4f6a-8d55-c6a1ddf46761
929,6.9886274,37.620678,L0,allaple,8d0f6dee-768d-4673-99d3-7e58cbdefaa7
930,29.788486,-20.521896,L0,installcore,4d825a6e-4a08-46fc-a24c-c2a7629f8500
931,-4.7670755,2.3587418,L0,wapomi,91b0b10f-dfc9-4bae-bca5-bca23ee35335
932,5.843949,21.819944,L0,browsefox,5bf3da76-ed39-4870-a67b-c0be9abe3343
933,-0.65522766,2.9654453,L0,klez,39a0be1e-7fb5-4db4-a6ed-41191df68122
934,22.907633,-24.97698,L0,virlock,38db0a8c-e4ea-41bb-bcf6-58c24ae89007
935,-19.775476,-18.631636,L0,SINGLETON:e2d3c1d4454d1e2262331f5deb1dd2c1,4cabef64-56d6-4c04-837f-96262f0c83d9
936,-12.124467,-35.264763,L0,wonton,35ad2287-1bf5-49f3-bea9-893369a6c9e6
937,7.080094,-1.9391835,L0,SINGLETON:05d8c7865244091d2a231b22012da291,563d52b7-ed29-4d41-aeb2-d689343f0aa3
938,7.805497,-1.6593962,L0,flystudio,3f995ea6-8269-4aac-acb8-2547e0f67a5a
939,8.245902,-17.509357,L0,installerex,70d7974d-15b5-47c3-b84d-9ebb85e63421
940,23.679134,18.623983,L0,outbrowse,46b1c1c9-6c17-404e-8479-fb70f8fae97e
941,4.5283375,14.306714,L0,softpulse,09220c0c-a6ee-4198-ae5c-cc826b124b0e
942,-2.8095334,17.612577,L0,allaple,8ad84d20-5c7b-4b28-9515-6a88a428f848
943,0.15853037,-10.941867,L0,multiplug,484d250e-dabf-4314-81ba-2d45359d7cf3
944,-16.20649,-15.497967,L0,allaple,18e062d4-4bbd-4834-9cdb-02f901d08214
945,10.831688,-8.809345,L0,chir,533ef896-83cf-46af-997b-637e27d4e1c0
946,-26.216549,1.5621238,L0,NO_LABEL,8e7aa881-9161-4a5d-a892-7d08d6376a2b
947,-22.15817,-10.487532,L0,browsefox,22da5927-7ada-4fa4-a6d2-c2dc98101835
948,16.565956,-30.284634,L0,hidebaid,1db9caa5-f546-4253-98d0-d77442d79161
949,2.0389476,18.8961,L0,ipamor,99ce8b7a-d890-4f6a-8b78-e11c1964605f
950,-4.322325,23.718218,L0,vtflooder,2fb74f3e-8a2b-41c0-853c-b40ea03293ac
951,11.62345,-10.38168,L0,SINGLETON:4108eccef3f7bd715f18589229ead099,06fdaf4f-9fa9-4612-a742-52055da54bef
952,-2.8529673,27.20565,L0,qjwmonkey,61eb66e8-6e36-46aa-b35a-f43abe1f88d3
953,11.464918,0.34375548,L0,flyagent,92fb16c7-b7c3-497a-add7-a61b332f394e
954,-7.6263895,30.687635,L0,upatre,13e027ea-c2ce-4c20-bc3c-57cdfb6cd613
955,-23.100368,-19.29357,L0,xtrat,682dd00c-6eaa-49db-9afe-373c0660ba88
956,3.715175,1.6636978,L0,amonetize,7cf4792d-83dd-4803-8548-5014b9854622
957,10.843969,27.375092,L0,vtflooder,31fe5540-8d45-420d-8b55-cb686475ade2
958,-7.344697,29.998655,L0,SINGLETON:879f3dca3b6ffd43049ac25b0bccd802,5fbe8333-7230-4e27-b9b5-328a52b08c1d
959,-18.998053,-12.867961,L0,outbrowse,52c9f8f3-69fa-448b-803f-4f4b20e43d03
960,5.862287,19.63388,L0,ircbot,88f9c87e-f794-4484-811b-7f705d79b59c
961,-1.7444288,29.102348,L0,virut,71f62ec5-edad-46ce-8087-54f4eeada09e
962,-25.875624,-18.229315,L0,upatre,2abea9fa-0872-4741-84e4-7474247cddf8
963,4.6218324,28.440708,L0,allaple,27f73a78-df23-45dc-8d70-bd211c2f99da
964,32.138992,7.0562696,L0,firstfloor,6bc32bc0-a234-4721-8a11-c47501964789
965,-14.039165,26.935427,L0,virut,5ae032c2-4d6a-457f-86d5-d44bb382c806
966,-18.14419,24.02603,L0,downloadguide,2b3b0a9e-ab83-4c89-8b42-f42a98bcc5a8
967,13.024169,-26.45121,L0,parite,9e1bb169-68bd-46c4-a5c3-7a2cc33df6ff
968,-15.297917,-39.853905,L0,zbot,43fb35c9-8fb7-4558-a322-036b53a91ebf
969,-15.232559,-26.15549,L0,SINGLETON:45683c10b8111be9e93b2e0b23df2f0e,4fb7d723-7f0d-470b-ad62-82a3648cf271
970,-26.111368,-6.622104,L0,shouqu,2ae6a646-dcff-4f6f-8362-8b8288c55e21
971,-1.9379122,19.826527,L0,ipamor,6e9138a0-9b3f-4896-8390-37e7bd87838d
972,-6.458261,35.50626,L0,virlock,80fa33b1-f264-4638-bab4-ae12e1004a5a
973,-2.876751,23.240154,L0,virut,0dcf0773-c263-4f83-ad43-693cc98968ae
974,2.8680065,31.852861,L0,allaple,28a89a55-dbf5-486f-b9be-d5d0abd4d0d5
975,-15.98095,-2.9501863,L0,virut,30cf72a5-da58-4863-b6ed-918eea6631bb
976,11.434475,6.9518404,L0,multiplug,9f59af47-f30f-497e-9410-789052339279
977,-5.760555,29.57065,L0,NO_LABEL,7d768448-cbf8-45e2-aea4-f1cad15b17c6
978,14.943061,-18.989857,L0,virlock,0f30601d-7d94-46d4-9cd5-3fc8b03f9b7f
979,0.17593862,20.011084,L0,mira,9bd7ea7e-ea1a-4d44-976c-b07f05196efa
980,-3.3699071,26.080122,L0,virut,94e9c8b1-13e1-4826-a004-7d2e94fcf52b
981,-8.299849,-14.742605,L0,virut,04ebab6d-5252-490d-89e8-ec28ff6f43ff
982,-13.900783,-40.40429,L0,klez,56ea21b6-51d8-4562-aadc-78a59e4f9706
983,-26.104704,-19.134851,L0,SINGLETON:95d2e51b6cb718110d1001fea6c8c24a,0297d5dc-8141-4776-abc1-35216d70c629
984,1.1548194,0.5247915,L0,SINGLETON:eecab23cfdd5a470fe0e16a6d563cee3,75fa4394-1792-4b85-a80e-c53ef3847171
985,17.442719,28.670708,L0,installcore,2d040774-1830-4ff7-92d2-4db17bab8614
986,4.702097,23.981018,L0,elex,88dc2223-ab0d-4261-8f9a-6fe11cda2cfd
987,0.15430254,-10.92698,L0,multiplug,9e24983b-c377-415a-bb35-1d4fff4f1c27
988,14.5151615,-16.730066,L0,catalina,637cb1ed-eb3b-4302-a991-4fbe05a26568
989,-24.620682,-19.945204,L0,loadmoney,42ef55d4-764d-46c8-b584-df13db19776f
990,-25.618635,-12.331738,L0,SINGLETON:eab3e1ee7b363f521ba02fb11202d026,8eae42a9-4a07-47d9-bee4-65a15dc698ca
991,2.400136,15.976771,L0,minggy,74d87296-472f-4817-aba4-fe27bf1488e2
992,-11.349511,-9.030872,L0,speedingupmypc,576f7d4a-c43b-4d30-9df3-8237135bc66f
993,-14.150878,23.915518,L0,loadmoney,19a804e1-bdf2-44cc-ad87-b2c549c596d2
994,-1.6801254,28.747255,L0,allaple,4c79114a-c797-4230-99c2-d7e3da634453
995,11.277096,-18.524033,L0,delf,39ca4ea8-2962-439c-a3c8-b3ceaae3ab73
996,9.014402,26.604706,L0,loadmoney,07fe2af2-dea9-40ed-b937-a36c6229abf4
997,7.104559,2.4756377,L0,zbot,13abeaf6-2616-4fab-adb8-f3ef4af23bd2
998,-5.887762,13.976703,L0,speedingupmypc,85b5a82c-606e-43f7-a07d-aa0c16461203
999,-14.595099,-15.135069,L0,loadmoney,3bb4a5cf-776d-43cd-ba45-8cc19c4175d1
